fecha_hora,fecha,hora,estacion,O3_ppm,PM10_ug_m3,PM2_5_ug_m3,temperatura_externa_C,temperatura_interna_C,humedad_relativa_pct,velocidad_viento,direccion_viento_grados,precipitacion,presion_atmosferica,radiacion_solar,PM10_NowCast,PM2_5_NowCast,categoria_PM10_horaria,categoria_PM2_5_horaria,categoria_O3_horaria,categoria_global_horaria,contaminante_dominante_horario
2024-03-01T00:00:00,2024-03-01,0,PIN,0.011,77.0,52.6,15.06,20.97,,5.24,51.0,0.0,,,56,35,Aceptable,Mala,Buena,Mala,PM2.5
2024-03-01T01:00:00,2024-03-01,1,PIN,0.011,67.0,43.0,14.34,21.09,,,52.5,0.0,,,52,33,Aceptable,Aceptable,Buena,Aceptable,PM10/PM2.5
2024-03-01T02:00:00,2024-03-01,2,PIN,0.021,48.0,24.5,13.58,21.0,,,54.0,0.0,,,44,25,Buena,Aceptable,Buena,Aceptable,PM2.5
2024-03-01T03:00:00,2024-03-01,3,PIN,0.01,42.0,29.1,12.12,21.0,,,57.2,0.0,,,36,22,Buena,Aceptable,Buena,Aceptable,PM2.5
2024-03-01T04:00:00,2024-03-01,4,PIN,0.005,85.0,56.1,11.0,21.29,,,59.5,0.0,,,49,31,Aceptable,Aceptable,Buena,Aceptable,PM10/PM2.5
2024-03-01T05:00:00,2024-03-01,5,PIN,0.005,124.0,87.0,10.39,21.36,,,60.9,0.0,,155.1,69,46,Mala,Mala,Buena,Mala,PM10/PM2.5
2024-03-01T06:00:00,2024-03-01,6,PIN,0.006,140.0,100.6,9.44,21.87,,,62.2,0.0,,152.7,84,58,Mala,Mala,Buena,Mala,PM10/PM2.5
2024-03-01T07:00:00,2024-03-01,7,PIN,0.006,170.0,112.5,8.99,21.77,,,63.6,0.0,,153.7,103,68,Mala,Mala,Buena,Mala,PM10/PM2.5
2024-03-01T08:00:00,2024-03-01,8,PIN,0.008,202.0,147.6,12.89,21.02,,,55.9,0.0,,157.3,124,85,Mala,Muy mala,Buena,Muy mala,PM2.5
2024-03-01T09:00:00,2024-03-01,9,PIN,0.025,218.0,179.6,17.43,20.75,,,47.0,0.0,528.46,58.7,140,105,Muy mala,Muy mala,Buena,Muy mala,PM10/PM2.5
2024-03-01T10:00:00,2024-03-01,10,PIN,0.039,127.0,,20.65,21.05,,2.74,39.4,0.0,589.53,171.5,115,105,Mala,Muy mala,Buena,Muy mala,PM2.5
2024-03-01T11:00:00,2024-03-01,11,PIN,0.044,64.0,,23.72,21.46,,0.96,33.4,0.0,636.13,198.0,81,,Mala,,Buena,Mala,PM10
2024-03-01T12:00:00,2024-03-01,12,PIN,0.051,41.0,,25.42,22.6,,4.32,29.9,0.0,660.55,210.7,55,,Aceptable,,Buena,Aceptable,PM10
2024-03-01T13:00:00,2024-03-01,13,PIN,0.047,46.0,,26.35,23.52,,12.64,28.1,0.0,669.82,233.1,44,,Buena,,Buena,Buena,PM10/O3
2024-03-01T14:00:00,2024-03-01,14,PIN,0.046,44.0,38.2,26.86,23.63,,10.8,28.2,0.0,639.92,224.3,38,,Buena,,Buena,Buena,PM10/O3
2024-03-01T15:00:00,2024-03-01,15,PIN,0.043,47.0,37.5,26.98,23.89,,7.14,27.6,0.0,581.35,156.7,36,28,Buena,Aceptable,Buena,Aceptable,PM2.5
2024-03-01T16:00:00,2024-03-01,16,PIN,0.04,43.0,,26.39,23.7,,6.49,28.6,0.0,512.05,98.9,33,28,Buena,Aceptable,Buena,Aceptable,PM2.5
2024-03-01T17:00:00,2024-03-01,17,PIN,0.037,55.0,44.2,24.89,22.78,,14.58,32.0,0.0,,130.7,36,30,Buena,Aceptable,Buena,Aceptable,PM2.5
2024-03-01T18:00:00,2024-03-01,18,PIN,0.027,73.0,49.2,22.43,21.27,,8.31,36.7,0.0,,127.1,44,33,Buena,Aceptable,Buena,Aceptable,PM2.5
2024-03-01T19:00:00,2024-03-01,19,PIN,0.026,62.0,40.0,20.84,20.93,,4.67,40.2,0.0,,165.2,44,30,Buena,Aceptable,Buena,Aceptable,PM2.5
2024-03-01T20:00:00,2024-03-01,20,PIN,0.012,61.0,40.4,19.57,20.94,,5.17,42.9,0.0,,,44,29,Buena,Aceptable,Buena,Aceptable,PM2.5
2024-03-01T21:00:00,2024-03-01,21,PIN,0.01,78.0,47.1,18.36,21.02,,4.59,44.6,0.0,,,50,31,Aceptable,Aceptable,Buena,Aceptable,PM10/PM2.5
2024-03-01T22:00:00,2024-03-01,22,PIN,0.015,64.0,40.7,17.51,21.01,,,46.1,0.0,,,48,30,Aceptable,Aceptable,Buena,Aceptable,PM10/PM2.5
2024-03-01T23:00:00,2024-03-01,23,PIN,0.019,64.0,43.5,16.24,21.16,,,47.4,0.0,,,46,30,Aceptable,Aceptable,Buena,Aceptable,PM10/PM2.5
2024-03-02T00:00:00,2024-03-02,0,PIN,0.022,39.0,24.0,15.19,21.17,,,49.9,0.0,,,37,23,Buena,Aceptable,Buena,Aceptable,PM2.5
2024-03-02T01:00:00,2024-03-02,1,PIN,0.019,29.0,20.4,14.76,21.02,,,52.1,0.0,,,29,19,Buena,Aceptable,Buena,Aceptable,PM2.5
2024-03-02T02:00:00,2024-03-02,2,PIN,0.013,37.0,21.8,14.51,21.12,,,52.3,0.0,,0.4,28,17,Buena,Aceptable,Buena,Aceptable,PM2.5
2024-03-02T03:00:00,2024-03-02,3,PIN,0.014,44.0,26.4,13.59,20.99,,,54.6,0.0,,0.2,29,17,Buena,Aceptable,Buena,Aceptable,PM2.5
2024-03-02T04:00:00,2024-03-02,4,PIN,0.011,53.0,31.8,12.32,21.08,,,57.1,0.0,,,34,20,Buena,Aceptable,Buena,Aceptable,PM2.5
2024-03-02T05:00:00,2024-03-02,5,PIN,0.004,63.0,48.5,11.44,21.08,,,58.8,0.0,,0.3,39,27,Buena,Aceptable,Buena,Aceptable,PM2.5
2024-03-02T06:00:00,2024-03-02,6,PIN,0.005,107.0,74.3,10.48,21.42,,,59.8,0.0,,1.9,58,39,Aceptable,Mala,Buena,Mala,PM2.5
2024-03-02T07:00:00,2024-03-02,7,PIN,0.004,110.0,70.3,9.81,21.2,,,60.5,0.0,,4.0,69,44,Mala,Mala,Buena,Mala,PM10/PM2.5
2024-03-02T08:00:00,2024-03-02,8,PIN,0.009,144.0,114.2,12.8,20.98,,,54.3,0.0,,22.4,86,62,Mala,Mala,Buena,Mala,PM10/PM2.5
2024-03-02T09:00:00,2024-03-02,9,PIN,0.022,191.0,177.6,17.61,20.96,,,45.6,0.0,527.12,35.5,111,92,Mala,Muy mala,Buena,Muy mala,PM2.5
2024-03-02T10:00:00,2024-03-02,10,PIN,0.029,126.0,,20.75,21.32,,,40.0,0.0,587.37,147.3,101,92,Mala,Muy mala,Buena,Muy mala,PM2.5
2024-03-02T11:00:00,2024-03-02,11,PIN,0.044,78.0,,22.54,21.95,,,35.5,0.0,634.22,176.8,78,,Mala,,Buena,Mala,PM10
2024-03-02T12:00:00,2024-03-02,12,PIN,0.056,48.0,,24.54,22.17,,5.29,31.5,0.0,660.38,162.2,56,,Aceptable,,Buena,Aceptable,PM10
2024-03-02T13:00:00,2024-03-02,13,PIN,0.048,41.0,,26.05,22.76,,12.51,28.5,0.0,668.82,216.4,43,,Buena,,Buena,Buena,PM10/O3
2024-03-02T14:00:00,2024-03-02,14,PIN,0.046,52.0,46.8,26.48,23.11,,8.62,28.3,0.0,654.74,152.7,40,,Buena,,Buena,Buena,PM10/O3
2024-03-02T15:00:00,2024-03-02,15,PIN,0.041,49.0,41.0,26.92,23.3,,10.3,27.0,0.0,600.76,82.4,37,31,Buena,Aceptable,Buena,Aceptable,PM2.5
2024-03-02T16:00:00,2024-03-02,16,PIN,0.039,52.0,44.6,26.9,23.24,,10.67,27.2,0.0,541.71,116.7,37,31,Buena,Aceptable,Buena,Aceptable,PM2.5
2024-03-02T17:00:00,2024-03-02,17,PIN,0.041,58.0,49.3,26.02,22.72,,10.3,29.1,0.0,,58.0,39,33,Buena,Aceptable,Buena,Aceptable,PM2.5
2024-03-02T18:00:00,2024-03-02,18,PIN,0.037,51.0,43.2,24.73,21.92,,10.44,31.6,0.0,,59.4,38,31,Buena,Aceptable,Buena,Aceptable,PM2.5
2024-03-02T19:00:00,2024-03-02,19,PIN,0.027,53.0,42.9,21.64,21.02,,6.24,37.9,0.0,,104.0,38,31,Buena,Aceptable,Buena,Aceptable,PM2.5
2024-03-02T20:00:00,2024-03-02,20,PIN,0.026,47.0,29.5,19.99,20.9,,8.94,41.4,0.0,,,36,26,Buena,Aceptable,Buena,Aceptable,PM2.5
2024-03-02T21:00:00,2024-03-02,21,PIN,0.027,52.0,37.2,18.46,20.95,,0.04,44.6,0.0,,,36,26,Buena,Aceptable,Buena,Aceptable,PM2.5
2024-03-02T22:00:00,2024-03-02,22,PIN,0.029,48.0,22.3,17.34,21.02,,2.78,47.3,0.0,,,36,21,Buena,Aceptable,Buena,Aceptable,PM2.5
2024-03-02T23:00:00,2024-03-02,23,PIN,0.018,46.0,31.7,16.36,21.06,,1.27,48.5,0.0,,,35,22,Buena,Aceptable,Buena,Aceptable,PM2.5
2024-03-03T00:00:00,2024-03-03,0,PIN,0.018,73.0,49.7,15.24,21.01,,0.04,51.0,0.0,,,42,28,Buena,Aceptable,Buena,Aceptable,PM2.5
2024-03-03T01:00:00,2024-03-03,1,PIN,0.021,51.0,30.6,14.19,21.13,,4.71,53.3,0.0,,,39,24,Buena,Aceptable,Buena,Aceptable,PM2.5
2024-03-03T02:00:00,2024-03-03,2,PIN,0.023,29.0,16.0,14.11,21.1,,,53.3,0.0,,,30,18,Buena,Aceptable,Buena,Aceptable,PM2.5
2024-03-03T03:00:00,2024-03-03,3,PIN,0.02,28.0,12.5,13.41,21.06,,,54.0,0.0,,,25,13,Buena,Buena,Buena,Buena,PM10/PM2.5/O3
2024-03-03T04:00:00,2024-03-03,4,PIN,0.008,38.0,26.8,12.58,21.22,,,56.3,0.0,,,26,16,Buena,Aceptable,Buena,Aceptable,PM2.5
2024-03-03T05:00:00,2024-03-03,5,PIN,0.007,77.0,58.5,11.22,21.04,,,58.9,0.0,,0.0,41,28,Buena,Aceptable,Buena,Aceptable,PM2.5
2024-03-03T06:00:00,2024-03-03,6,PIN,0.005,129.0,96.5,10.37,21.41,,,61.3,0.0,,0.4,66,48,Mala,Mala,Buena,Mala,PM10/PM2.5
2024-03-03T07:00:00,2024-03-03,7,PIN,0.005,127.0,84.5,10.2,21.3,,,61.1,0.0,,1.0,79,53,Mala,Mala,Buena,Mala,PM10/PM2.5
2024-03-03T08:00:00,2024-03-03,8,PIN,0.01,95.0,76.6,14.05,20.91,,0.07,50.4,0.0,,15.5,73,53,Mala,Mala,Buena,Mala,PM10/PM2.5
2024-03-03T09:00:00,2024-03-03,9,PIN,0.023,96.0,93.2,17.58,21.0,,1.21,48.5,0.0,531.52,16.4,71,59,Mala,Mala,Buena,Mala,PM10/PM2.5
2024-03-03T10:00:00,2024-03-03,10,PIN,0.039,58.0,,20.16,21.62,,2.99,44.4,0.0,591.25,45.4,56,59,Aceptable,Mala,Buena,Mala,PM2.5
2024-03-03T11:00:00,2024-03-03,11,PIN,0.048,40.0,,22.67,21.91,,8.93,35.9,0.0,637.96,121.0,42,,Buena,,Buena,Buena,PM10/O3
2024-03-03T12:00:00,2024-03-03,12,PIN,0.045,35.0,,24.23,22.0,,13.39,32.4,0.0,665.54,74.0,34,,Buena,,Buena,Buena,PM10/O3
2024-03-03T13:00:00,2024-03-03,13,PIN,0.044,43.0,,25.28,22.52,,12.97,30.7,0.0,670.95,74.2,32,,Buena,,Buena,Buena,PM10/O3
2024-03-03T14:00:00,2024-03-03,14,PIN,0.04,50.0,50.1,26.34,22.84,,9.27,28.4,0.0,653.08,113.5,34,,Buena,,Buena,Buena,PM10/O3
2024-03-03T15:00:00,2024-03-03,15,PIN,0.038,75.0,68.8,26.94,23.15,,10.72,27.8,0.0,617.44,155.4,44,44,Buena,Mala,Buena,Mala,PM2.5
2024-03-03T16:00:00,2024-03-03,16,PIN,0.039,64.0,55.6,26.7,23.16,,7.25,27.9,0.0,561.2,168.3,45,41,Buena,Mala,Buena,Mala,PM2.5
2024-03-03T17:00:00,2024-03-03,17,PIN,0.039,56.0,48.0,26.25,22.74,,13.1,28.9,0.0,,181.8,42,37,Buena,Mala,Buena,Mala,PM2.5
2024-03-03T18:00:00,2024-03-03,18,PIN,0.037,49.0,41.2,24.9,21.87,,13.37,31.3,0.0,,128.5,39,33,Buena,Aceptable,Buena,Aceptable,PM2.5
2024-03-03T19:00:00,2024-03-03,19,PIN,0.03,54.0,41.7,22.0,21.05,,11.2,37.5,0.0,,103.4,39,31,Buena,Aceptable,Buena,Aceptable,PM2.5
2024-03-03T20:00:00,2024-03-03,20,PIN,0.026,60.0,30.5,19.54,20.95,,,41.7,0.0,,,41,26,Buena,Aceptable,Buena,Aceptable,PM2.5
2024-03-03T21:00:00,2024-03-03,21,PIN,0.02,39.0,13.9,17.45,20.96,,,44.9,0.0,,,34,18,Buena,Aceptable,Buena,Aceptable,PM2.5
2024-03-03T22:00:00,2024-03-03,22,PIN,0.01,46.0,28.1,16.7,21.07,,,47.6,0.0,,,34,19,Buena,Aceptable,Buena,Aceptable,PM2.5
2024-03-03T23:00:00,2024-03-03,23,PIN,0.016,53.0,29.2,16.21,21.14,,,48.0,0.0,,,36,19,Buena,Aceptable,Buena,Aceptable,PM2.5
2024-03-04T00:00:00,2024-03-04,0,PIN,0.01,67.0,47.7,15.23,21.03,,,51.5,0.0,,,41,26,Buena,Aceptable,Buena,Aceptable,PM2.5
2024-03-04T01:00:00,2024-03-04,1,PIN,0.017,64.0,47.4,14.26,21.15,,,53.3,0.0,,0.1,44,30,Buena,Aceptable,Buena,Aceptable,PM2.5
2024-03-04T02:00:00,2024-03-04,2,PIN,0.015,51.0,28.0,13.18,21.08,,,55.3,0.0,,0.2,40,24,Buena,Aceptable,Buena,Aceptable,PM2.5
2024-03-04T03:00:00,2024-03-04,3,PIN,0.008,42.0,22.4,12.03,21.06,,,57.7,0.0,,,36,20,Buena,Aceptable,Buena,Aceptable,PM2.5
2024-03-04T04:00:00,2024-03-04,4,PIN,0.006,104.0,68.0,11.0,21.44,,,59.7,0.0,,,55,33,Aceptable,Aceptable,Buena,Aceptable,PM10/PM2.5
2024-03-04T05:00:00,2024-03-04,5,PIN,0.007,162.0,118.4,10.43,21.29,,,60.9,0.0,,5.9,85,58,Mala,Mala,Buena,Mala,PM10/PM2.5
2024-03-04T06:00:00,2024-03-04,6,PIN,0.005,156.0,114.8,9.62,21.26,,,62.1,0.0,,4.7,99,69,Mala,Mala,Buena,Mala,PM10/PM2.5
2024-03-04T07:00:00,2024-03-04,7,PIN,0.005,176.0,101.9,9.83,21.37,,,61.9,0.0,,7.1,112,70,Mala,Mala,Buena,Mala,PM10/PM2.5
2024-03-04T08:00:00,2024-03-04,8,PIN,0.006,171.0,108.8,13.2,20.98,,,55.2,0.0,,12.8,117,73,Mala,Mala,Buena,Mala,PM10/PM2.5
2024-03-04T09:00:00,2024-03-04,9,PIN,0.017,115.0,,17.52,21.06,,,46.9,0.0,531.65,18.3,99,73,Mala,Mala,Buena,Mala,PM10/PM2.5
2024-03-04T10:00:00,2024-03-04,10,PIN,0.035,86.0,,20.09,21.36,,1.0,40.7,0.0,594.96,30.2,81,,Mala,,Buena,Mala,PM10
2024-03-04T11:00:00,2024-03-04,11,PIN,0.041,34.0,,22.46,21.55,,3.19,36.2,0.0,640.98,42.2,52,,Aceptable,,Buena,Aceptable,PM10
2024-03-04T12:00:00,2024-03-04,12,PIN,0.043,20.0,,24.13,21.94,,0.04,33.2,0.0,668.4,57.2,34,,Buena,,Buena,Buena,PM10/O3
2024-03-04T13:00:00,2024-03-04,13,PIN,0.04,36.0,,25.15,22.56,,9.29,30.8,0.0,674.94,77.0,29,,Buena,,Buena,Buena,PM10/O3
2024-03-04T14:00:00,2024-03-04,14,PIN,0.038,54.0,54.3,25.46,22.62,,14.76,30.2,0.0,657.21,108.5,34,,Buena,,Buena,Buena,PM10/O3
2024-03-04T15:00:00,2024-03-04,15,PIN,0.039,63.0,54.4,26.07,22.77,,8.88,29.0,0.0,619.38,56.6,39,38,Buena,Mala,Buena,Mala,PM2.5
2024-03-04T16:00:00,2024-03-04,16,PIN,0.037,58.0,54.8,26.25,22.87,,4.92,28.5,0.0,564.47,50.5,41,38,Buena,Mala,Buena,Mala,PM2.5
2024-03-04T17:00:00,2024-03-04,17,PIN,0.033,47.0,42.9,26.11,22.86,,8.77,28.5,0.0,,67.6,37,33,Buena,Aceptable,Buena,Aceptable,PM2.5
2024-03-04T18:00:00,2024-03-04,18,PIN,0.025,47.0,41.2,24.55,22.06,,6.32,32.1,0.0,,51.2,35,31,Buena,Aceptable,Buena,Aceptable,PM2.5
2024-03-04T19:00:00,2024-03-04,19,PIN,0.023,64.0,56.0,21.24,21.03,,10.28,39.3,0.0,,20.8,41,35,Buena,Mala,Buena,Mala,PM2.5
2024-03-04T20:00:00,2024-03-04,20,PIN,0.028,82.0,64.6,19.11,20.9,,11.19,42.7,0.0,,,49,38,Aceptable,Mala,Buena,Mala,PM2.5
2024-03-04T21:00:00,2024-03-04,21,PIN,0.023,61.0,45.9,17.72,21.06,,4.45,45.5,0.0,,,46,36,Aceptable,Mala,Buena,Mala,PM2.5
2024-03-04T22:00:00,2024-03-04,22,PIN,0.022,47.0,29.2,16.46,21.1,,,48.6,0.0,,,40,28,Buena,Aceptable,Buena,Aceptable,PM2.5
2024-03-04T23:00:00,2024-03-04,23,PIN,0.008,44.0,33.8,15.46,21.12,,,50.8,0.0,,,36,26,Buena,Aceptable,Buena,Aceptable,PM2.5
2024-03-05T00:00:00,2024-03-05,0,PIN,0.013,56.0,29.3,14.37,21.23,,,52.7,0.0,,,38,23,Buena,Aceptable,Buena,Aceptable,PM2.5
2024-03-05T01:00:00,2024-03-05,1,PIN,0.01,42.0,22.8,12.71,21.54,,,55.7,0.0,,,34,19,Buena,Aceptable,Buena,Aceptable,PM2.5
2024-03-05T02:00:00,2024-03-05,2,PIN,0.005,54.0,32.8,10.39,21.88,,,59.2,0.0,,,36,21,Buena,Aceptable,Buena,Aceptable,PM2.5
2024-03-05T03:00:00,2024-03-05,3,PIN,0.005,86.0,56.1,9.61,22.21,,,61.4,0.0,,,49,30,Aceptable,Aceptable,Buena,Aceptable,PM10/PM2.5
2024-03-05T04:00:00,2024-03-05,4,PIN,0.006,86.0,65.4,9.7,21.94,,,62.0,0.0,,,55,37,Aceptable,Mala,Buena,Mala,PM2.5
2024-03-05T05:00:00,2024-03-05,5,PIN,0.005,89.0,65.1,8.51,22.28,,,63.4,0.0,,19.0,59,42,Aceptable,Mala,Buena,Mala,PM2.5
2024-03-05T06:00:00,2024-03-05,6,PIN,0.005,137.0,102.3,7.35,22.13,,,65.0,0.0,,3.7,79,56,Mala,Mala,Buena,Mala,PM10/PM2.5
2024-03-05T07:00:00,2024-03-05,7,PIN,0.006,189.0,136.4,7.0,22.19,,,65.8,0.0,,6.6,107,76,Mala,Mala,Buena,Mala,PM10/PM2.5
2024-03-05T08:00:00,2024-03-05,8,PIN,0.008,242.0,172.5,11.05,21.4,,,57.7,0.0,,12.1,140,98,Muy mala,Muy mala,Buena,Muy mala,PM10/PM2.5
2024-03-05T09:00:00,2024-03-05,9,PIN,0.014,265.0,193.5,15.13,20.93,,,50.1,0.0,534.18,42.4,164,116,Muy mala,Muy mala,Buena,Muy mala,PM10/PM2.5
2024-03-05T10:00:00,2024-03-05,10,PIN,0.022,181.0,161.2,19.58,21.0,,,42.2,0.0,594.13,97.0,147,114,Muy mala,Muy mala,Buena,Muy mala,PM10/PM2.5
2024-03-05T11:00:00,2024-03-05,11,PIN,0.032,97.0,97.3,22.82,21.49,,,34.4,0.0,643.42,137.3,108,91,Mala,Muy mala,Buena,Muy mala,PM2.5
2024-03-05T12:00:00,2024-03-05,12,PIN,0.044,68.0,66.7,24.58,22.39,,5.18,31.8,0.0,653.35,110.3,79,69,Mala,Mala,Buena,Mala,PM10/PM2.5
2024-03-05T13:00:00,2024-03-05,13,PIN,0.056,60.0,52.2,25.82,23.18,,10.47,29.6,0.0,662.3,100.3,61,52,Mala,Mala,Buena,Mala,PM10/PM2.5
2024-03-05T14:00:00,2024-03-05,14,PIN,0.056,67.0,52.7,26.83,23.86,,0.04,28.3,0.0,658.23,115.9,54,44,Aceptable,Mala,Buena,Mala,PM2.5
2024-03-05T15:00:00,2024-03-05,15,PIN,0.043,62.0,45.6,27.15,24.08,,2.4,27.1,0.0,621.77,111.8,49,38,Aceptable,Mala,Buena,Mala,PM2.5
2024-03-05T16:00:00,2024-03-05,16,PIN,0.043,60.0,49.9,27.04,24.13,,8.37,26.4,0.0,567.4,81.5,46,36,Aceptable,Mala,Buena,Mala,PM2.5
2024-03-05T17:00:00,2024-03-05,17,PIN,0.042,53.0,47.3,26.22,23.86,,6.76,28.7,0.0,500.2,52.3,42,35,Buena,Mala,Buena,Mala,PM2.5
2024-03-05T18:00:00,2024-03-05,18,PIN,0.034,48.0,38.5,24.27,22.68,,7.09,33.1,0.0,,114.0,38,31,Buena,Aceptable,Buena,Aceptable,PM2.5
2024-03-05T19:00:00,2024-03-05,19,PIN,0.012,63.0,47.4,21.28,21.12,,0.04,38.9,0.0,,127.1,41,32,Buena,Aceptable,Buena,Aceptable,PM2.5
2024-03-05T20:00:00,2024-03-05,20,PIN,0.008,96.0,65.5,19.77,20.93,,2.16,43.6,0.0,,0.5,55,39,Aceptable,Mala,Buena,Mala,PM2.5
2024-03-05T21:00:00,2024-03-05,21,PIN,0.008,110.0,82.1,18.4,20.97,,8.64,45.7,0.0,,,67,48,Mala,Mala,Buena,Mala,PM10/PM2.5
2024-03-05T22:00:00,2024-03-05,22,PIN,0.008,75.0,56.2,17.48,21.08,,0.04,46.5,0.0,,0.8,60,44,Aceptable,Mala,Buena,Mala,PM2.5
2024-03-05T23:00:00,2024-03-05,23,PIN,0.02,62.0,34.9,16.23,21.11,,0.04,49.4,0.0,,,52,34,Aceptable,Mala,Buena,Mala,PM2.5
2024-03-06T00:00:00,2024-03-06,0,PIN,0.025,39.0,35.5,14.82,21.3,,6.88,51.7,0.0,,,40,29,Buena,Aceptable,Buena,Aceptable,PM2.5
2024-03-06T01:00:00,2024-03-06,1,PIN,0.017,41.0,30.0,13.97,21.12,,4.2,53.4,0.0,,0.5,35,25,Buena,Aceptable,Buena,Aceptable,PM2.5
2024-03-06T02:00:00,2024-03-06,2,PIN,0.015,40.0,24.5,12.77,21.24,,1.09,54.7,0.0,,,31,21,Buena,Aceptable,Buena,Aceptable,PM2.5
2024-03-06T03:00:00,2024-03-06,3,PIN,0.014,41.0,29.9,11.08,21.61,,,57.8,0.0,,,31,21,Buena,Aceptable,Buena,Aceptable,PM2.5
2024-03-06T04:00:00,2024-03-06,4,PIN,0.007,39.0,26.5,9.74,22.02,,,60.7,0.0,,,29,19,Buena,Aceptable,Buena,Aceptable,PM2.5
2024-03-06T05:00:00,2024-03-06,5,PIN,0.006,51.0,37.5,8.83,22.17,,,63.0,0.0,,17.8,33,23,Buena,Aceptable,Buena,Aceptable,PM2.5
2024-03-06T06:00:00,2024-03-06,6,PIN,0.005,78.0,66.1,7.94,22.33,,,63.9,0.0,,23.3,44,34,Buena,Mala,Buena,Mala,PM2.5
2024-03-06T07:00:00,2024-03-06,7,PIN,0.006,140.0,108.3,7.48,22.05,,,64.6,0.0,,17.1,72,55,Mala,Mala,Buena,Mala,PM10/PM2.5
2024-03-06T08:00:00,2024-03-06,8,PIN,0.009,208.0,156.8,11.88,21.29,,,56.5,0.0,,21.4,111,82,Mala,Muy mala,Buena,Muy mala,PM2.5
2024-03-06T09:00:00,2024-03-06,9,PIN,0.019,199.0,168.9,17.02,20.9,,,47.4,0.0,536.44,37.1,126,99,Mala,Muy mala,Buena,Muy mala,PM2.5
2024-03-06T10:00:00,2024-03-06,10,PIN,0.04,155.0,150.1,21.17,21.1,,,38.5,0.0,600.22,34.3,119,102,Mala,Muy mala,Buena,Muy mala,PM2.5
2024-03-06T11:00:00,2024-03-06,11,PIN,0.048,102.0,,23.72,21.95,,2.86,31.9,0.0,645.92,71.7,96,102,Mala,Muy mala,Buena,Muy mala,PM2.5
2024-03-06T12:00:00,2024-03-06,12,PIN,0.047,47.0,,25.32,22.91,,6.75,30.3,0.0,672.82,103.3,64,,Mala,,Buena,Mala,PM10
2024-03-06T13:00:00,2024-03-06,13,PIN,0.052,42.0,39.6,26.64,23.76,,3.24,27.3,0.0,678.59,118.2,47,,Aceptable,,Buena,Aceptable,PM10
2024-03-06T14:00:00,2024-03-06,14,PIN,0.054,54.0,47.6,27.42,24.48,,2.41,25.6,0.0,661.53,161.3,43,37,Buena,Mala,Buena,Mala,PM2.5
2024-03-06T15:00:00,2024-03-06,15,PIN,0.051,51.0,40.9,27.92,24.8,,8.4,24.6,0.0,623.11,163.4,40,32,Buena,Aceptable,Buena,Aceptable,PM2.5
2024-03-06T16:00:00,2024-03-06,16,PIN,0.05,56.0,46.9,27.85,25.01,,13.29,25.3,0.0,564.81,139.4,40,33,Buena,Aceptable,Buena,Aceptable,PM2.5
2024-03-06T17:00:00,2024-03-06,17,PIN,0.046,56.0,44.1,27.39,24.71,,8.93,26.2,0.0,,106.6,40,31,Buena,Aceptable,Buena,Aceptable,PM2.5
2024-03-06T18:00:00,2024-03-06,18,PIN,0.04,59.0,50.5,25.7,23.7,,6.72,30.6,0.0,,98.5,41,33,Buena,Aceptable,Buena,Aceptable,PM2.5
2024-03-06T19:00:00,2024-03-06,19,PIN,0.025,69.0,53.4,22.02,21.56,,4.68,37.3,0.0,,165.7,45,35,Buena,Mala,Buena,Mala,PM2.5
2024-03-06T20:00:00,2024-03-06,20,PIN,0.016,70.0,47.3,19.99,21.0,,5.24,41.1,0.0,,,48,34,Aceptable,Mala,Buena,Mala,PM2.5
2024-03-06T21:00:00,2024-03-06,21,PIN,0.021,72.0,43.4,18.36,21.02,,8.56,44.8,0.0,,,49,32,Aceptable,Aceptable,Buena,Aceptable,PM10/PM2.5
2024-03-06T22:00:00,2024-03-06,22,PIN,0.019,52.0,24.9,17.1,21.04,,2.73,46.7,0.0,,,44,25,Buena,Aceptable,Buena,Aceptable,PM2.5
2024-03-06T23:00:00,2024-03-06,23,PIN,0.018,60.0,29.2,15.47,21.29,,0.04,50.4,0.0,,,44,22,Buena,Aceptable,Buena,Aceptable,PM2.5
2024-03-07T00:00:00,2024-03-07,0,PIN,0.021,66.0,38.9,14.3,21.21,,0.04,52.9,0.0,,,45,25,Buena,Aceptable,Buena,Aceptable,PM2.5
2024-03-07T01:00:00,2024-03-07,1,PIN,0.009,55.0,34.2,13.21,21.29,,3.04,54.1,0.0,,,43,24,Buena,Aceptable,Buena,Aceptable,PM2.5
2024-03-07T02:00:00,2024-03-07,2,PIN,0.011,51.0,29.4,12.45,21.33,,,54.9,0.0,,,41,22,Buena,Aceptable,Buena,Aceptable,PM2.5
2024-03-07T03:00:00,2024-03-07,3,PIN,0.006,82.0,47.1,11.86,21.29,,,56.7,0.0,,,47,28,Aceptable,Aceptable,Buena,Aceptable,PM10/PM2.5
2024-03-07T04:00:00,2024-03-07,4,PIN,0.008,73.0,49.8,10.4,22.12,,,59.5,0.0,,,49,31,Aceptable,Aceptable,Buena,Aceptable,PM10/PM2.5
2024-03-07T05:00:00,2024-03-07,5,PIN,0.006,74.0,50.7,9.56,22.14,,,61.0,0.0,,20.9,51,33,Aceptable,Aceptable,Buena,Aceptable,PM10/PM2.5
2024-03-07T06:00:00,2024-03-07,6,PIN,0.007,140.0,106.0,8.66,22.15,,,64.3,0.0,,2.9,76,53,Mala,Mala,Buena,Mala,PM10/PM2.5
2024-03-07T07:00:00,2024-03-07,7,PIN,0.006,166.0,123.3,8.85,22.03,,,63.8,0.0,,1.1,97,69,Mala,Mala,Buena,Mala,PM10/PM2.5
2024-03-07T08:00:00,2024-03-07,8,PIN,0.008,254.0,184.2,12.32,21.27,,,57.3,0.0,,7.8,139,99,Muy mala,Muy mala,Buena,Muy mala,PM10/PM2.5
2024-03-07T09:00:00,2024-03-07,9,PIN,0.019,226.0,204.0,17.67,20.95,,,46.2,0.0,540.25,33.5,151,120,Muy mala,Muy mala,Buena,Muy mala,PM10/PM2.5
2024-03-07T10:00:00,2024-03-07,10,PIN,0.036,122.0,,21.26,21.13,,,39.9,0.0,601.97,93.3,119,120,Mala,Muy mala,Buena,Muy mala,PM2.5
2024-03-07T11:00:00,2024-03-07,11,PIN,0.039,64.0,,23.23,21.79,,10.86,35.4,0.0,647.13,117.7,82,,Mala,,Buena,Mala,PM10
2024-03-07T12:00:00,2024-03-07,12,PIN,0.044,67.0,,23.94,22.1,,11.0,33.4,0.0,673.79,116.8,65,,Mala,,Buena,Mala,PM10
2024-03-07T13:00:00,2024-03-07,13,PIN,0.045,67.0,67.8,24.81,22.44,,,32.0,0.0,681.22,145.1,56,,Aceptable,,Buena,Aceptable,PM10
2024-03-07T14:00:00,2024-03-07,14,PIN,0.049,69.0,58.3,25.67,22.61,,10.85,30.0,0.0,664.49,149.2,53,46,Aceptable,Mala,Buena,Mala,PM2.5
2024-03-07T15:00:00,2024-03-07,15,PIN,0.05,61.0,48.1,26.63,23.08,,17.24,27.9,0.0,624.84,154.5,49,39,Aceptable,Mala,Buena,Mala,PM2.5
2024-03-07T16:00:00,2024-03-07,16,PIN,0.047,50.0,45.6,27.11,23.65,,10.59,27.4,0.0,572.78,162.0,42,35,Buena,Mala,Buena,Mala,PM2.5
2024-03-07T17:00:00,2024-03-07,17,PIN,0.041,43.0,33.8,26.73,23.76,,10.84,27.5,0.0,,145.4,36,29,Buena,Aceptable,Buena,Aceptable,PM2.5
2024-03-07T18:00:00,2024-03-07,18,PIN,0.034,56.0,42.5,25.88,23.25,,14.64,29.7,0.0,,112.3,38,29,Buena,Aceptable,Buena,Aceptable,PM2.5
2024-03-07T19:00:00,2024-03-07,19,PIN,0.025,70.0,57.8,22.03,21.49,,11.24,36.9,0.0,,127.7,44,35,Buena,Mala,Buena,Mala,PM2.5
2024-03-07T20:00:00,2024-03-07,20,PIN,0.023,71.0,56.3,19.6,21.0,,6.84,42.3,0.0,,,47,37,Aceptable,Mala,Buena,Mala,PM2.5
2024-03-07T21:00:00,2024-03-07,21,PIN,0.025,63.0,44.9,18.26,20.96,,8.64,44.8,0.0,,,46,34,Aceptable,Mala,Buena,Mala,PM2.5
2024-03-07T22:00:00,2024-03-07,22,PIN,0.017,52.0,36.0,16.83,21.12,,0.04,46.7,0.0,,,42,29,Buena,Aceptable,Buena,Aceptable,PM2.5
2024-03-07T23:00:00,2024-03-07,23,PIN,0.016,49.0,35.4,15.45,21.12,,0.04,51.0,0.0,,,39,27,Buena,Aceptable,Buena,Aceptable,PM2.5
2024-03-08T00:00:00,2024-03-08,0,PIN,0.022,54.0,41.7,14.45,21.39,,1.24,51.8,0.0,,,39,28,Buena,Aceptable,Buena,Aceptable,PM2.5
2024-03-08T01:00:00,2024-03-08,1,PIN,0.015,45.0,32.2,13.34,21.2,,,53.5,0.0,,,36,26,Buena,Aceptable,Buena,Aceptable,PM2.5
2024-03-08T02:00:00,2024-03-08,2,PIN,0.006,41.0,33.9,11.82,21.2,,,57.8,0.0,,,33,25,Buena,Aceptable,Buena,Aceptable,PM2.5
2024-03-08T03:00:00,2024-03-08,3,PIN,0.007,87.0,53.4,10.61,21.98,,,59.6,0.0,,,47,30,Aceptable,Aceptable,Buena,Aceptable,PM10/PM2.5
2024-03-08T04:00:00,2024-03-08,4,PIN,0.006,86.0,65.5,9.22,22.22,,,60.5,0.0,,,54,38,Aceptable,Mala,Buena,Mala,PM2.5
2024-03-08T05:00:00,2024-03-08,5,PIN,0.006,100.0,80.7,8.42,22.24,,,61.7,0.0,,83.4,63,47,Mala,Mala,Buena,Mala,PM10/PM2.5
2024-03-08T06:00:00,2024-03-08,6,PIN,0.006,123.0,96.4,7.3,22.32,,,64.0,0.0,,76.4,76,57,Mala,Mala,Buena,Mala,PM10/PM2.5
2024-03-08T07:00:00,2024-03-08,7,PIN,0.006,179.0,139.3,7.29,22.26,,,64.9,0.0,,80.0,101,77,Mala,Mala,Buena,Mala,PM10/PM2.5
2024-03-08T08:00:00,2024-03-08,8,PIN,0.01,262.0,198.9,12.05,21.13,,,55.7,0.0,,39.0,144,108,Muy mala,Muy mala,Buena,Muy mala,PM10/PM2.5
2024-03-08T09:00:00,2024-03-08,9,PIN,0.017,223.0,187.0,16.56,20.99,,,47.4,0.0,537.07,48.3,152,119,Muy mala,Muy mala,Buena,Muy mala,PM10/PM2.5
2024-03-08T10:00:00,2024-03-08,10,PIN,0.025,86.0,,19.96,21.05,,,40.3,0.0,588.7,67.9,106,119,Mala,Muy mala,Buena,Muy mala,PM2.5
2024-03-08T11:00:00,2024-03-08,11,PIN,0.035,46.0,,22.61,21.53,,6.38,35.2,0.0,637.48,88.0,70,,Mala,,Buena,Mala,PM10
2024-03-08T12:00:00,2024-03-08,12,PIN,0.043,31.0,,24.83,22.68,,6.24,29.9,0.0,671.94,91.3,46,,Aceptable,,Buena,Aceptable,PM10
2024-03-08T13:00:00,2024-03-08,13,PIN,0.046,62.0,,26.27,23.59,,14.45,29.3,0.0,675.77,102.9,45,,Buena,,Buena,Buena,PM10/O3
2024-03-08T14:00:00,2024-03-08,14,PIN,0.043,81.0,81.5,26.89,23.77,,13.24,27.5,0.0,652.36,80.8,51,,Aceptable,,Buena,Aceptable,PM10
2024-03-08T15:00:00,2024-03-08,15,PIN,0.04,83.0,60.4,26.96,24.06,,6.64,27.4,0.0,602.59,87.8,56,49,Aceptable,Mala,Buena,Mala,PM2.5
2024-03-08T16:00:00,2024-03-08,16,PIN,0.043,79.0,55.2,27.34,24.11,,8.28,26.6,0.0,567.48,110.2,56,42,Aceptable,Mala,Buena,Mala,PM2.5
2024-03-08T17:00:00,2024-03-08,17,PIN,0.041,60.0,43.8,27.14,24.09,,11.44,26.8,0.0,,125.5,49,36,Aceptable,Mala,Buena,Mala,PM2.5
2024-03-08T18:00:00,2024-03-08,18,PIN,0.026,57.0,48.2,24.75,23.15,,6.88,32.1,0.0,,53.5,45,35,Buena,Mala,Buena,Mala,PM2.5
2024-03-08T19:00:00,2024-03-08,19,PIN,0.02,71.0,54.1,21.31,21.3,,6.63,38.1,0.0,,70.8,48,36,Aceptable,Mala,Buena,Mala,PM2.5
2024-03-08T20:00:00,2024-03-08,20,PIN,0.016,65.0,46.1,19.57,21.02,,0.04,41.1,0.0,,,47,34,Aceptable,Mala,Buena,Mala,PM2.5
2024-03-08T21:00:00,2024-03-08,21,PIN,0.01,56.0,40.9,17.88,21.0,,3.02,45.1,0.0,,,44,31,Buena,Aceptable,Buena,Aceptable,PM2.5
2024-03-08T22:00:00,2024-03-08,22,PIN,0.008,77.0,44.4,16.94,21.17,,,47.3,0.0,,,49,31,Aceptable,Aceptable,Buena,Aceptable,PM10/PM2.5
2024-03-08T23:00:00,2024-03-08,23,PIN,0.005,78.0,54.8,15.42,21.21,,,49.1,0.0,,,52,35,Aceptable,Mala,Buena,Mala,PM2.5
2024-03-09T00:00:00,2024-03-09,0,PIN,0.006,93.0,59.6,13.87,21.3,,,52.7,0.0,,,57,38,Aceptable,Mala,Buena,Mala,PM2.5
2024-03-09T01:00:00,2024-03-09,1,PIN,0.006,118.0,74.4,14.37,21.16,,,53.9,0.0,,,72,45,Mala,Mala,Buena,Mala,PM10/PM2.5
2024-03-09T02:00:00,2024-03-09,2,PIN,0.006,98.0,65.2,13.3,21.26,,,54.5,0.0,,,71,44,Mala,Mala,Buena,Mala,PM10/PM2.5
2024-03-09T03:00:00,2024-03-09,3,PIN,0.006,90.0,61.8,12.65,21.21,,,56.1,0.0,,,68,44,Mala,Mala,Buena,Mala,PM10/PM2.5
2024-03-09T04:00:00,2024-03-09,4,PIN,0.005,89.0,61.0,11.22,21.71,,,57.1,0.0,,,66,43,Mala,Mala,Buena,Mala,PM10/PM2.5
2024-03-09T05:00:00,2024-03-09,5,PIN,0.004,88.0,67.6,9.73,22.23,,,60.4,0.0,,47.8,64,45,Mala,Mala,Buena,Mala,PM10/PM2.5
2024-03-09T06:00:00,2024-03-09,6,PIN,0.007,99.0,80.5,8.71,22.22,,,62.6,0.0,,18.1,67,51,Mala,Mala,Buena,Mala,PM10/PM2.5
2024-03-09T07:00:00,2024-03-09,7,PIN,0.007,182.0,135.5,8.64,21.93,,,63.3,0.0,,15.5,99,72,Mala,Mala,Buena,Mala,PM10/PM2.5
2024-03-09T08:00:00,2024-03-09,8,PIN,0.008,210.0,153.0,13.35,20.94,,,55.1,0.0,,8.9,124,90,Mala,Muy mala,Buena,Muy mala,PM2.5
2024-03-09T09:00:00,2024-03-09,9,PIN,0.023,285.0,226.6,17.89,20.98,,,43.6,0.0,532.64,27.0,164,124,Muy mala,Muy mala,Buena,Muy mala,PM10/PM2.5
2024-03-09T10:00:00,2024-03-09,10,PIN,0.031,206.0,173.3,21.17,21.33,,,40.1,0.0,594.41,67.0,156,121,Muy mala,Muy mala,Buena,Muy mala,PM10/PM2.5
2024-03-09T11:00:00,2024-03-09,11,PIN,0.048,123.0,94.9,24.27,22.39,,4.84,30.9,0.0,639.79,91.4,121,94,Mala,Muy mala,Buena,Muy mala,PM2.5
2024-03-09T12:00:00,2024-03-09,12,PIN,0.054,83.0,75.9,26.72,23.68,,0.04,28.0,0.0,661.33,98.5,91,74,Mala,Mala,Buena,Mala,PM10/PM2.5
2024-03-09T13:00:00,2024-03-09,13,PIN,0.052,60.0,58.2,28.28,25.0,,15.09,24.1,0.0,670.93,107.9,66,57,Mala,Mala,Buena,Mala,PM10/PM2.5
2024-03-09T14:00:00,2024-03-09,14,PIN,0.046,76.0,65.7,28.71,25.35,,10.84,23.8,0.0,653.06,127.1,61,51,Mala,Mala,Buena,Mala,PM10/PM2.5
2024-03-09T15:00:00,2024-03-09,15,PIN,0.04,82.0,74.6,29.49,25.55,,13.16,23.0,0.0,607.41,142.9,59,51,Aceptable,Mala,Buena,Mala,PM2.5
2024-03-09T16:00:00,2024-03-09,16,PIN,0.04,114.0,99.7,28.81,25.68,,12.5,23.0,0.0,569.15,101.7,71,60,Mala,Mala,Buena,Mala,PM10/PM2.5
2024-03-09T17:00:00,2024-03-09,17,PIN,0.042,85.0,73.6,28.42,25.22,,8.41,24.0,0.0,501.74,66.2,66,56,Mala,Mala,Buena,Mala,PM10/PM2.5
2024-03-09T18:00:00,2024-03-09,18,PIN,0.037,61.0,,27.13,24.57,,9.32,26.4,0.0,,59.5,54,56,Aceptable,Mala,Buena,Mala,PM2.5
2024-03-09T19:00:00,2024-03-09,19,PIN,0.031,61.0,,23.89,22.55,,7.22,33.2,0.0,,57.4,49,,Aceptable,,Buena,Aceptable,PM10
2024-03-09T20:00:00,2024-03-09,20,PIN,0.032,58.0,52.7,21.06,21.16,,0.04,38.3,0.0,,,45,,Buena,,Buena,Buena,PM10/O3
2024-03-09T21:00:00,2024-03-09,21,PIN,0.016,49.0,40.2,19.17,21.03,,0.04,41.8,0.0,,,40,33,Buena,Aceptable,Buena,Aceptable,PM2.5
2024-03-09T22:00:00,2024-03-09,22,PIN,0.019,56.0,36.4,18.25,21.1,,2.52,45.7,0.0,,,40,28,Buena,Aceptable,Buena,Aceptable,PM2.5
2024-03-09T23:00:00,2024-03-09,23,PIN,0.02,49.0,27.6,17.15,20.98,,0.04,47.3,0.0,,,38,24,Buena,Aceptable,Buena,Aceptable,PM2.5
2024-03-10T00:00:00,2024-03-10,0,PIN,0.008,83.0,76.7,15.04,21.31,,2.92,51.4,0.0,,,49,39,Aceptable,Mala,Buena,Mala,PM2.5
2024-03-10T01:00:00,2024-03-10,1,PIN,0.012,175.0,138.8,14.67,21.3,,,52.4,0.0,,,86,68,Mala,Mala,Buena,Mala,PM10/PM2.5
2024-03-10T02:00:00,2024-03-10,2,PIN,0.015,83.0,62.4,14.23,21.28,,,54.0,0.0,,,73,56,Mala,Mala,Buena,Mala,PM10/PM2.5
2024-03-10T03:00:00,2024-03-10,3,PIN,0.009,62.0,38.4,13.1,21.22,,,52.9,0.0,,,59,41,Aceptable,Mala,Buena,Mala,PM2.5
2024-03-10T04:00:00,2024-03-10,4,PIN,0.007,91.0,65.3,10.96,21.16,,,60.4,0.0,,,62,43,Mala,Mala,Buena,Mala,PM10/PM2.5
2024-03-10T05:00:00,2024-03-10,5,PIN,0.005,114.0,83.5,10.04,21.72,,,62.4,0.0,,4.6,71,51,Mala,Mala,Buena,Mala,PM10/PM2.5
2024-03-10T06:00:00,2024-03-10,6,PIN,0.006,113.0,92.7,9.43,21.88,,,63.1,0.0,,0.2,76,58,Mala,Mala,Buena,Mala,PM10/PM2.5
2024-03-10T07:00:00,2024-03-10,7,PIN,0.007,158.0,120.5,9.78,21.7,,,61.5,0.0,,5.3,94,71,Mala,Mala,Buena,Mala,PM10/PM2.5
2024-03-10T08:00:00,2024-03-10,8,PIN,0.01,188.0,143.0,13.96,21.03,,,54.1,0.0,,10.3,114,85,Mala,Muy mala,Buena,Muy mala,PM2.5
2024-03-10T09:00:00,2024-03-10,9,PIN,0.027,108.0,108.7,18.24,21.0,,4.65,41.0,0.0,537.71,29.8,96,81,Mala,Muy mala,Buena,Muy mala,PM2.5
2024-03-10T10:00:00,2024-03-10,10,PIN,0.05,68.0,,21.74,21.42,,2.76,38.9,0.0,597.21,185.3,72,81,Mala,Muy mala,Buena,Muy mala,PM2.5
2024-03-10T11:00:00,2024-03-10,11,PIN,0.053,41.0,,24.7,22.5,,0.04,31.5,0.0,642.86,225.4,51,,Aceptable,,Buena,Aceptable,PM10
2024-03-10T12:00:00,2024-03-10,12,PIN,0.066,30.0,,26.74,24.1,,7.09,26.8,0.0,672.14,234.4,36,,Buena,,Aceptable,Aceptable,O3
2024-03-10T13:00:00,2024-03-10,13,PIN,0.055,42.0,,28.25,25.18,,11.1,24.2,0.0,670.76,238.1,33,,Buena,,Buena,Buena,PM10/O3
2024-03-10T14:00:00,2024-03-10,14,PIN,0.048,40.0,,28.88,25.35,,9.14,22.9,0.0,653.07,237.8,31,,Buena,,Buena,Buena,PM10/O3
2024-03-10T15:00:00,2024-03-10,15,PIN,0.048,31.0,,29.33,25.3,,9.0,22.4,0.0,613.89,229.5,26,,Buena,,Buena,Buena,PM10/O3
2024-03-10T16:00:00,2024-03-10,16,PIN,0.044,29.0,,29.32,25.47,,6.74,22.1,0.0,557.82,141.5,24,,Buena,,Buena,Buena,PM10/O3
2024-03-10T17:00:00,2024-03-10,17,PIN,0.041,32.0,31.8,28.65,25.58,,6.48,23.8,0.0,,171.0,23,,Buena,,Buena,Buena,PM10/O3
2024-03-10T18:00:00,2024-03-10,18,PIN,0.044,38.0,,26.63,24.72,,16.99,28.1,0.0,,111.6,25,,Buena,,Buena,Buena,PM10/O3
2024-03-10T19:00:00,2024-03-10,19,PIN,0.04,55.0,40.1,23.65,22.51,,6.73,33.1,0.0,,120.1,32,27,Buena,Aceptable,Buena,Aceptable,PM2.5
2024-03-10T20:00:00,2024-03-10,20,PIN,0.024,56.0,46.4,21.83,21.16,,0.04,36.7,0.0,,,36,30,Buena,Aceptable,Buena,Aceptable,PM2.5
2024-03-10T21:00:00,2024-03-10,21,PIN,0.011,89.0,62.9,19.72,21.03,,0.04,42.7,0.0,,,50,37,Aceptable,Mala,Buena,Mala,PM2.5
2024-03-10T22:00:00,2024-03-10,22,PIN,0.009,119.0,95.5,17.67,21.09,,0.04,43.9,0.0,,,67,53,Mala,Mala,Buena,Mala,PM10/PM2.5
2024-03-10T23:00:00,2024-03-10,23,PIN,0.015,120.0,93.8,16.59,21.12,,0.04,47.4,0.0,,,76,59,Mala,Mala,Buena,Mala,PM10/PM2.5
2024-03-11T00:00:00,2024-03-11,0,PIN,0.019,85.0,72.8,15.7,21.28,,5.2,50.7,0.0,,,69,55,Mala,Mala,Buena,Mala,PM10/PM2.5
2024-03-11T01:00:00,2024-03-11,1,PIN,0.02,61.0,50.0,15.41,21.25,,,49.5,0.0,,,56,44,Aceptable,Mala,Buena,Mala,PM2.5
2024-03-11T02:00:00,2024-03-11,2,PIN,0.016,59.0,48.0,14.34,21.36,,,51.7,0.0,,,49,39,Aceptable,Mala,Buena,Mala,PM2.5
2024-03-11T03:00:00,2024-03-11,3,PIN,0.015,56.0,41.1,14.04,21.22,,,53.7,0.0,,0.4,44,34,Buena,Mala,Buena,Mala,PM2.5
2024-03-11T04:00:00,2024-03-11,4,PIN,0.006,80.0,54.1,11.64,21.34,,,58.8,0.0,,,51,35,Aceptable,Mala,Buena,Mala,PM2.5
2024-03-11T05:00:00,2024-03-11,5,PIN,0.008,145.0,107.5,10.51,21.44,,,60.7,0.0,,0.0,77,55,Mala,Mala,Buena,Mala,PM10/PM2.5
2024-03-11T06:00:00,2024-03-11,6,PIN,0.006,229.0,164.0,10.32,21.68,,,62.6,0.0,,0.9,121,85,Mala,Muy mala,Buena,Muy mala,PM2.5
2024-03-11T07:00:00,2024-03-11,7,PIN,0.01,292.0,201.8,10.18,21.46,,,61.5,0.0,,5.7,164,112,Muy mala,Muy mala,Buena,Muy mala,PM10/PM2.5
2024-03-11T08:00:00,2024-03-11,8,PIN,0.008,371.0,269.6,14.46,20.94,,,52.9,0.0,,17.7,215,150,Extremadamente mala,Extremadamente mala,Buena,Extremadamente mala,PM10/PM2.5
2024-03-11T09:00:00,2024-03-11,9,PIN,0.016,308.0,229.5,18.79,21.04,,,44.3,0.0,535.83,79.6,217,155,Extremadamente mala,Extremadamente mala,Buena,Extremadamente mala,PM10/PM2.5
2024-03-11T10:00:00,2024-03-11,10,PIN,0.046,158.0,135.8,22.03,21.51,,,36.8,0.0,599.45,214.0,165,124,Muy mala,Muy mala,Buena,Muy mala,PM10/PM2.5
2024-03-11T11:00:00,2024-03-11,11,PIN,0.047,92.0,78.5,24.39,22.64,,,33.6,0.0,643.04,240.7,116,90,Mala,Muy mala,Buena,Muy mala,PM2.5
2024-03-11T12:00:00,2024-03-11,12,PIN,0.056,82.0,63.6,26.23,23.99,,,27.9,0.0,667.04,214.0,87,67,Mala,Mala,Buena,Mala,PM10/PM2.5
2024-03-11T13:00:00,2024-03-11,13,PIN,0.058,58.0,,28.33,25.12,,,24.9,0.0,671.8,173.5,64,67,Mala,Mala,Buena,Mala,PM10/PM2.5
2024-03-11T14:00:00,2024-03-11,14,PIN,0.058,46.0,,29.23,25.14,,9.42,22.2,0.0,657.18,176.7,49,,Aceptable,,Buena,Aceptable,PM10
2024-03-11T15:00:00,2024-03-11,15,PIN,0.05,51.0,48.0,29.79,25.1,,10.8,21.9,0.0,619.77,131.3,42,,Buena,,Buena,Buena,PM10/O3
2024-03-11T16:00:00,2024-03-11,16,PIN,0.039,41.0,40.1,29.94,25.29,,0.04,21.7,0.0,563.74,201.6,36,33,Buena,Aceptable,Buena,Aceptable,PM2.5
2024-03-11T17:00:00,2024-03-11,17,PIN,0.038,44.0,37.7,29.12,25.51,,7.36,23.2,0.0,,110.5,34,29,Buena,Aceptable,Buena,Aceptable,PM2.5
2024-03-11T18:00:00,2024-03-11,18,PIN,0.031,52.0,45.2,28.06,25.33,,12.76,24.4,0.0,,65.5,36,31,Buena,Aceptable,Buena,Aceptable,PM2.5
2024-03-11T19:00:00,2024-03-11,19,PIN,0.023,97.0,76.1,24.95,23.52,,10.71,31.8,0.0,,95.1,52,42,Aceptable,Mala,Buena,Mala,PM2.5
2024-03-11T20:00:00,2024-03-11,20,PIN,0.024,98.0,66.9,22.3,21.53,,5.3,37.4,0.0,,,61,44,Mala,Mala,Buena,Mala,PM10/PM2.5
2024-03-11T21:00:00,2024-03-11,21,PIN,0.022,82.0,57.1,20.54,21.09,,6.84,40.6,0.0,,,60,42,Aceptable,Mala,Buena,Mala,PM2.5
2024-03-11T22:00:00,2024-03-11,22,PIN,0.026,89.0,54.0,18.98,21.05,,0.04,43.4,0.0,,,61,40,Mala,Mala,Buena,Mala,PM10/PM2.5
2024-03-11T23:00:00,2024-03-11,23,PIN,0.027,66.0,39.1,17.57,21.07,,7.35,46.2,0.0,,,54,33,Aceptable,Aceptable,Buena,Aceptable,PM10/PM2.5
2024-03-12T00:00:00,2024-03-12,0,PIN,0.028,55.0,23.0,16.55,21.15,,0.04,47.0,0.0,,,47,25,Aceptable,Aceptable,Buena,Aceptable,PM10/PM2.5
2024-03-12T01:00:00,2024-03-12,1,PIN,0.025,38.0,24.6,15.88,21.24,,0.04,49.6,0.0,,,37,21,Buena,Aceptable,Buena,Aceptable,PM2.5
2024-03-12T02:00:00,2024-03-12,2,PIN,0.019,35.0,20.2,15.33,21.31,,3.18,51.6,0.0,,,31,17,Buena,Aceptable,Buena,Aceptable,PM2.5
2024-03-12T03:00:00,2024-03-12,3,PIN,0.021,43.0,26.0,14.82,21.32,,0.04,51.5,0.0,,,31,18,Buena,Aceptable,Buena,Aceptable,PM2.5
2024-03-12T04:00:00,2024-03-12,4,PIN,0.013,41.0,23.0,14.01,21.21,,0.85,53.2,0.0,,,30,17,Buena,Aceptable,Buena,Aceptable,PM2.5
2024-03-12T05:00:00,2024-03-12,5,PIN,0.017,51.0,39.7,12.67,21.31,,,54.5,0.0,,29.2,34,22,Buena,Aceptable,Buena,Aceptable,PM2.5
2024-03-12T06:00:00,2024-03-12,6,PIN,0.012,47.0,39.8,12.73,21.22,,,56.5,0.0,,10.9,34,25,Buena,Aceptable,Buena,Aceptable,PM2.5
2024-03-12T07:00:00,2024-03-12,7,PIN,0.006,105.0,79.3,12.93,21.25,,,55.8,0.0,,9.2,54,40,Aceptable,Mala,Buena,Mala,PM2.5
2024-03-12T08:00:00,2024-03-12,8,PIN,0.012,221.0,171.7,16.1,21.06,,,49.9,0.0,,71.0,106,80,Mala,Muy mala,Buena,Muy mala,PM2.5
2024-03-12T09:00:00,2024-03-12,9,PIN,0.022,202.0,179.7,19.0,21.3,,,43.6,0.0,534.35,124.4,125,102,Mala,Muy mala,Buena,Muy mala,PM2.5
2024-03-12T10:00:00,2024-03-12,10,PIN,0.037,127.0,128.1,21.84,22.02,,,38.1,0.0,596.8,224.6,108,96,Mala,Muy mala,Buena,Muy mala,PM2.5
2024-03-12T11:00:00,2024-03-12,11,PIN,0.05,71.0,,23.71,22.57,,,34.1,0.0,637.62,231.6,79,96,Mala,Muy mala,Buena,Muy mala,PM2.5
2024-03-12T12:00:00,2024-03-12,12,PIN,0.054,65.0,60.0,25.74,23.56,,6.7,28.8,0.0,671.35,235.3,63,60,Mala,Mala,Buena,Mala,PM10/PM2.5
2024-03-12T13:00:00,2024-03-12,13,PIN,0.056,51.0,,27.45,24.88,,9.16,25.8,0.0,675.68,247.1,50,,Aceptable,,Buena,Aceptable,PM10
2024-03-12T14:00:00,2024-03-12,14,PIN,0.054,64.0,58.2,28.34,25.29,,6.64,24.5,0.0,655.24,238.6,48,46,Aceptable,Mala,Buena,Mala,PM2.5
2024-03-12T15:00:00,2024-03-12,15,PIN,0.047,67.0,61.0,28.55,25.45,,8.66,24.1,0.0,620.12,219.4,48,44,Aceptable,Mala,Buena,Mala,PM2.5
2024-03-12T16:00:00,2024-03-12,16,PIN,0.027,33.0,27.4,28.53,26.48,,11.34,24.2,0.0,565.49,229.1,36,31,Buena,Aceptable,Buena,Aceptable,PM2.5
2024-03-12T17:00:00,2024-03-12,17,PIN,0.024,31.0,32.0,27.79,25.77,,10.45,25.2,0.0,501.68,150.1,29,26,Buena,Aceptable,Buena,Aceptable,PM2.5
2024-03-12T18:00:00,2024-03-12,18,PIN,0.031,68.0,56.9,26.31,24.66,,8.67,28.6,0.0,,95.5,39,33,Buena,Aceptable,Buena,Aceptable,PM2.5
2024-03-12T19:00:00,2024-03-12,19,PIN,0.026,103.0,75.7,23.69,22.55,,4.7,33.9,0.0,,99.8,56,43,Aceptable,Mala,Buena,Mala,PM2.5
2024-03-12T20:00:00,2024-03-12,20,PIN,0.02,128.0,95.6,21.41,21.27,,5.21,38.2,0.0,,,74,55,Mala,Mala,Buena,Mala,PM10/PM2.5
2024-03-12T21:00:00,2024-03-12,21,PIN,0.021,79.0,57.0,19.77,21.07,,9.06,42.1,0.0,,,65,47,Mala,Mala,Buena,Mala,PM10/PM2.5
2024-03-12T22:00:00,2024-03-12,22,PIN,0.015,74.0,41.8,18.73,21.04,,0.04,43.5,0.0,,,59,38,Aceptable,Mala,Buena,Mala,PM2.5
2024-03-12T23:00:00,2024-03-12,23,PIN,0.021,80.0,53.0,17.02,21.07,,4.84,46.9,0.0,,,58,37,Aceptable,Mala,Buena,Mala,PM2.5
2024-03-13T00:00:00,2024-03-13,0,PIN,0.024,65.0,35.6,15.83,21.17,,2.89,49.1,0.0,,,52,31,Aceptable,Aceptable,Buena,Aceptable,PM10/PM2.5
2024-03-13T01:00:00,2024-03-13,1,PIN,0.023,51.0,38.1,15.0,21.31,,0.04,51.0,0.0,,,44,28,Buena,Aceptable,Buena,Aceptable,PM2.5
2024-03-13T02:00:00,2024-03-13,2,PIN,0.021,49.0,32.7,14.71,21.18,,0.04,51.4,0.0,,,40,26,Buena,Aceptable,Buena,Aceptable,PM2.5
2024-03-13T03:00:00,2024-03-13,3,PIN,0.02,39.0,29.8,14.54,21.27,,0.04,51.6,0.0,,,34,23,Buena,Aceptable,Buena,Aceptable,PM2.5
2024-03-13T04:00:00,2024-03-13,4,PIN,0.007,57.0,36.9,13.2,21.22,,1.14,56.5,0.0,,,37,24,Buena,Aceptable,Buena,Aceptable,PM2.5
2024-03-13T05:00:00,2024-03-13,5,PIN,0.005,91.0,59.8,12.12,21.2,,,56.2,0.0,,105.2,51,33,Aceptable,Aceptable,Buena,Aceptable,PM10/PM2.5
2024-03-13T06:00:00,2024-03-13,6,PIN,0.004,86.0,55.7,11.9,21.12,,,57.8,0.0,,39.0,56,36,Aceptable,Mala,Buena,Mala,PM2.5
2024-03-13T07:00:00,2024-03-13,7,PIN,0.005,143.0,84.0,12.11,21.22,,,57.4,0.0,,7.1,79,47,Mala,Mala,Buena,Mala,PM10/PM2.5
2024-03-13T08:00:00,2024-03-13,8,PIN,0.01,161.0,112.7,15.65,21.11,,,50.5,0.0,,92.9,97,62,Mala,Mala,Buena,Mala,PM10/PM2.5
2024-03-13T09:00:00,2024-03-13,9,PIN,0.022,138.0,126.4,18.69,21.47,,,45.5,0.0,539.05,119.6,98,75,Mala,Mala,Buena,Mala,PM10/PM2.5
2024-03-13T10:00:00,2024-03-13,10,PIN,0.037,92.0,92.3,22.1,22.3,,2.92,35.7,0.0,598.42,181.9,81,69,Mala,Mala,Buena,Mala,PM10/PM2.5
2024-03-13T11:00:00,2024-03-13,11,PIN,0.05,76.0,,24.49,22.81,,6.21,31.1,0.0,642.41,205.1,68,69,Mala,Mala,Buena,Mala,PM10/PM2.5
2024-03-13T12:00:00,2024-03-13,12,PIN,0.053,60.0,,26.25,23.81,,0.04,29.0,0.0,670.83,239.4,56,,Aceptable,,Buena,Aceptable,PM10
2024-03-13T13:00:00,2024-03-13,13,PIN,0.05,52.0,,27.28,24.85,,4.31,26.0,0.0,677.52,248.2,46,,Aceptable,,Buena,Aceptable,PM10
2024-03-13T14:00:00,2024-03-13,14,PIN,0.051,63.0,63.9,27.99,25.27,,8.43,24.9,0.0,656.22,199.1,46,,Aceptable,,Buena,Aceptable,PM10
2024-03-13T15:00:00,2024-03-13,15,PIN,0.042,74.0,72.1,28.4,25.33,,15.46,24.9,0.0,623.12,218.6,49,49,Aceptable,Mala,Buena,Mala,PM2.5
2024-03-13T16:00:00,2024-03-13,16,PIN,0.038,108.0,105.0,27.94,25.27,,17.13,25.0,0.0,566.25,119.6,63,62,Mala,Mala,Buena,Mala,PM10/PM2.5
2024-03-13T17:00:00,2024-03-13,17,PIN,0.037,76.0,76.4,27.16,24.8,,13.03,26.9,0.0,,87.9,59,58,Aceptable,Mala,Buena,Mala,PM2.5
2024-03-13T18:00:00,2024-03-13,18,PIN,0.034,67.0,61.7,25.87,23.75,,7.35,29.2,0.0,,134.6,54,50,Aceptable,Mala,Buena,Mala,PM2.5
2024-03-13T19:00:00,2024-03-13,19,PIN,0.018,99.0,79.2,23.68,22.11,,11.09,34.9,0.0,,176.0,62,53,Mala,Mala,Buena,Mala,PM10/PM2.5
2024-03-13T20:00:00,2024-03-13,20,PIN,0.015,115.0,84.0,21.76,21.16,,6.74,38.1,0.0,,,72,56,Mala,Mala,Buena,Mala,PM10/PM2.5
2024-03-13T21:00:00,2024-03-13,21,PIN,0.019,93.0,63.3,20.09,20.98,,0.04,40.3,0.0,,,69,51,Mala,Mala,Buena,Mala,PM10/PM2.5
2024-03-13T22:00:00,2024-03-13,22,PIN,0.021,90.0,75.8,18.69,21.03,,2.63,44.3,0.0,,,66,51,Mala,Mala,Buena,Mala,PM10/PM2.5
2024-03-13T23:00:00,2024-03-13,23,PIN,0.022,67.0,48.6,17.69,21.08,,2.64,46.1,0.0,,,57,42,Aceptable,Mala,Buena,Mala,PM2.5
2024-03-14T00:00:00,2024-03-14,0,PIN,0.018,62.0,39.6,16.27,21.1,,,50.1,0.0,,,51,35,Aceptable,Mala,Buena,Mala,PM2.5
2024-03-14T01:00:00,2024-03-14,1,PIN,0.017,54.0,36.2,15.67,21.21,,,51.1,0.0,,,45,30,Buena,Aceptable,Buena,Aceptable,PM2.5
2024-03-14T02:00:00,2024-03-14,2,PIN,0.009,52.0,30.6,14.81,21.16,,,52.3,0.0,,,41,26,Buena,Aceptable,Buena,Aceptable,PM2.5
2024-03-14T03:00:00,2024-03-14,3,PIN,0.013,51.0,34.4,14.24,21.24,,,54.3,0.0,,,39,25,Buena,Aceptable,Buena,Aceptable,PM2.5
2024-03-14T04:00:00,2024-03-14,4,PIN,0.01,59.0,38.5,12.89,21.16,,,55.8,0.0,,,41,26,Buena,Aceptable,Buena,Aceptable,PM2.5
2024-03-14T05:00:00,2024-03-14,5,PIN,0.005,78.0,62.2,11.94,21.16,,,57.8,0.0,,4.4,48,35,Aceptable,Mala,Buena,Mala,PM2.5
2024-03-14T06:00:00,2024-03-14,6,PIN,0.005,110.0,77.0,11.06,21.47,,,59.8,0.0,,6.5,64,44,Mala,Mala,Buena,Mala,PM10/PM2.5
2024-03-14T07:00:00,2024-03-14,7,PIN,0.006,151.0,107.1,11.65,21.15,,,58.5,0.0,,4.7,86,59,Mala,Mala,Buena,Mala,PM10/PM2.5
2024-03-14T08:00:00,2024-03-14,8,PIN,0.009,236.0,182.2,15.28,21.01,,,51.0,0.0,,15.1,127,93,Mala,Muy mala,Buena,Muy mala,PM2.5
2024-03-14T09:00:00,2024-03-14,9,PIN,0.024,185.0,161.6,18.91,21.32,,,44.1,0.0,542.31,80.5,129,103,Mala,Muy mala,Buena,Muy mala,PM2.5
2024-03-14T10:00:00,2024-03-14,10,PIN,0.041,86.0,,22.22,21.89,,,37.3,0.0,593.14,137.0,96,103,Mala,Muy mala,Buena,Muy mala,PM2.5
2024-03-14T11:00:00,2024-03-14,11,PIN,0.051,61.0,,,,,,,,,,69,,Mala,,Buena,Mala,PM10
2024-03-14T12:00:00,2024-03-14,12,PIN,0.046,49.0,,,,,,,,,,52,,Aceptable,,Buena,Aceptable,PM10
2024-03-14T13:00:00,2024-03-14,13,PIN,0.049,41.0,,,,,,,,,,41,,Buena,,Buena,Buena,PM10/O3
2024-03-14T14:00:00,2024-03-14,14,PIN,0.048,49.0,,,,,,,,,,38,,Buena,,Buena,Buena,PM10/O3
2024-03-14T15:00:00,2024-03-14,15,PIN,0.042,53.0,49.5,,,,,,,,,38,,Buena,,Buena,Buena,PM10/O3
2024-03-14T16:00:00,2024-03-14,16,PIN,0.035,107.0,,,,,,,,,,57,,Aceptable,,Buena,Aceptable,PM10
2024-03-14T17:00:00,2024-03-14,17,PIN,0.028,133.0,117.7,,,,,,,,,76,72,Mala,Mala,Buena,Mala,PM10/PM2.5
2024-03-14T18:00:00,2024-03-14,18,PIN,0.03,134.0,112.8,,,,,,,,,86,76,Mala,Mala,Buena,Mala,PM10/PM2.5
2024-03-14T19:00:00,2024-03-14,19,PIN,0.024,106.0,80.5,,,,,,,,,81,65,Mala,Mala,Buena,Mala,PM10/PM2.5
2024-03-14T20:00:00,2024-03-14,20,PIN,0.026,92.0,72.0,,,,,,,,,74,57,Mala,Mala,Buena,Mala,PM10/PM2.5
2024-03-14T21:00:00,2024-03-14,21,PIN,0.024,76.0,53.4,,,,,,,,,64,46,Mala,Mala,Buena,Mala,PM10/PM2.5
2024-03-14T22:00:00,2024-03-14,22,PIN,0.025,68.0,47.6,,,,,,,,,56,40,Aceptable,Mala,Buena,Mala,PM2.5
2024-03-14T23:00:00,2024-03-14,23,PIN,0.016,70.0,52.8,,,,,,,,,53,38,Aceptable,Mala,Buena,Mala,PM2.5
2024-03-15T00:00:00,2024-03-15,0,PIN,0.011,63.0,52.5,,,,,,,,,49,37,Aceptable,Mala,Buena,Mala,PM2.5
2024-03-15T01:00:00,2024-03-15,1,PIN,0.009,49.0,39.1,,,,,,,,,42,32,Buena,Aceptable,Buena,Aceptable,PM2.5
2024-03-15T02:00:00,2024-03-15,2,PIN,0.016,35.0,29.3,,,,,,,,,34,26,Buena,Aceptable,Buena,Aceptable,PM2.5
2024-03-15T03:00:00,2024-03-15,3,PIN,0.007,47.0,31.8,,,,,,,,,34,24,Buena,Aceptable,Buena,Aceptable,PM2.5
2024-03-15T04:00:00,2024-03-15,4,PIN,0.005,67.0,46.9,,,,,,,,,41,28,Buena,Aceptable,Buena,Aceptable,PM2.5
2024-03-15T05:00:00,2024-03-15,5,PIN,0.005,93.0,67.0,,,,,,,,,54,37,Aceptable,Mala,Buena,Mala,PM2.5
2024-03-15T06:00:00,2024-03-15,6,PIN,0.005,105.0,78.7,,,,,,,,,64,46,Mala,Mala,Buena,Mala,PM10/PM2.5
2024-03-15T07:00:00,2024-03-15,7,PIN,0.005,146.0,110.7,,,,,,,,,84,62,Mala,Mala,Buena,Mala,PM10/PM2.5
2024-03-15T08:00:00,2024-03-15,8,PIN,0.007,205.0,172.1,,,,,,,,,116,90,Mala,Muy mala,Buena,Muy mala,PM2.5
2024-03-15T09:00:00,2024-03-15,9,PIN,0.024,192.0,,,,,,,,,,126,90,Mala,Muy mala,Buena,Muy mala,PM2.5
2024-03-15T10:00:00,2024-03-15,10,PIN,0.036,104.0,,,,,,,,,,100,,Mala,,Buena,Mala,PM10
2024-03-15T11:00:00,2024-03-15,11,PIN,0.044,77.0,,,,,,,,,,78,,Mala,,Buena,Mala,PM10
2024-03-15T12:00:00,2024-03-15,12,PIN,0.046,69.0,,,,,,,,,,64,,Mala,,Buena,Mala,PM10
2024-03-15T13:00:00,2024-03-15,13,PIN,0.045,52.0,,,,,,,,,,50,,Aceptable,,Buena,Aceptable,PM10
2024-03-15T14:00:00,2024-03-15,14,PIN,0.038,65.0,64.3,,,,,,,,,49,,Aceptable,,Buena,Aceptable,PM10
2024-03-15T15:00:00,2024-03-15,15,PIN,0.035,59.0,53.2,,,,,,,,,45,40,Buena,Mala,Buena,Mala,PM2.5
2024-03-15T16:00:00,2024-03-15,16,PIN,0.031,89.0,83.4,,,,,,,,,54,50,Aceptable,Mala,Buena,Mala,PM2.5
2024-03-15T17:00:00,2024-03-15,17,PIN,0.027,116.0,90.8,,,,,,,,,69,57,Mala,Mala,Buena,Mala,PM10/PM2.5
2024-03-15T18:00:00,2024-03-15,18,PIN,0.027,85.0,72.0,,,,,,,,,65,53,Mala,Mala,Buena,Mala,PM10/PM2.5
2024-03-15T19:00:00,2024-03-15,19,PIN,0.02,73.0,56.2,,,,,,,,,59,46,Aceptable,Mala,Buena,Mala,PM2.5
2024-03-15T20:00:00,2024-03-15,20,PIN,0.011,89.0,67.2,,,,,,,,,61,47,Mala,Mala,Buena,Mala,PM10/PM2.5
2024-03-15T21:00:00,2024-03-15,21,PIN,0.012,85.0,59.1,,,,,,,,,61,44,Mala,Mala,Buena,Mala,PM10/PM2.5
2024-03-15T22:00:00,2024-03-15,22,PIN,0.015,70.0,49.5,,,,,,,,,56,40,Aceptable,Mala,Buena,Mala,PM2.5
2024-03-15T23:00:00,2024-03-15,23,PIN,0.013,64.0,49.1,,,,,,,,,51,37,Aceptable,Mala,Buena,Mala,PM2.5
2024-03-16T00:00:00,2024-03-16,0,PIN,0.009,65.0,44.0,,,,,,,,,49,33,Aceptable,Aceptable,Buena,Aceptable,PM10/PM2.5
2024-03-16T01:00:00,2024-03-16,1,PIN,0.004,77.0,52.9,,,,,,,,,51,35,Aceptable,Mala,Buena,Mala,PM2.5
2024-03-16T02:00:00,2024-03-16,2,PIN,0.005,96.0,66.6,,,,,,,,,60,41,Aceptable,Mala,Buena,Mala,PM2.5
2024-03-16T03:00:00,2024-03-16,3,PIN,0.005,123.0,75.3,,,,,,,,,74,46,Mala,Mala,Buena,Mala,PM10/PM2.5
2024-03-16T04:00:00,2024-03-16,4,PIN,0.006,141.0,81.9,,,,,,,,,87,51,Mala,Mala,Buena,Mala,PM10/PM2.5
2024-03-16T05:00:00,2024-03-16,5,PIN,0.006,174.0,108.7,,,,,,,,,106,64,Mala,Mala,Buena,Mala,PM10/PM2.5
2024-03-16T06:00:00,2024-03-16,6,PIN,0.006,181.0,108.9,,,,,,,,,118,69,Mala,Mala,Buena,Mala,PM10/PM2.5
2024-03-16T07:00:00,2024-03-16,7,PIN,0.007,200.0,125.0,,,,,,,,,130,78,Mala,Mala,Buena,Mala,PM10/PM2.5
2024-03-16T08:00:00,2024-03-16,8,PIN,0.007,150.0,108.4,,,,,,,,,119,77,Mala,Mala,Buena,Mala,PM10/PM2.5
2024-03-16T09:00:00,2024-03-16,9,PIN,0.018,91.0,78.8,,,,,,,,,92,66,Mala,Mala,Buena,Mala,PM10/PM2.5
2024-03-16T10:00:00,2024-03-16,10,PIN,0.036,60.0,,,,,,,,,,67,66,Mala,Mala,Buena,Mala,PM10/PM2.5
2024-03-16T11:00:00,2024-03-16,11,PIN,0.048,46.0,,,,,,,,,,50,,Aceptable,,Buena,Aceptable,PM10
2024-03-16T12:00:00,2024-03-16,12,PIN,0.05,45.0,,,,,,,,,,41,,Buena,,Buena,Buena,PM10/O3
2024-03-16T13:00:00,2024-03-16,13,PIN,0.05,41.0,,,,,,,,,,35,,Buena,,Buena,Buena,PM10/O3
2024-03-16T14:00:00,2024-03-16,14,PIN,0.042,45.0,45.9,,,,,,,,,34,,Buena,,Buena,Buena,PM10/O3
2024-03-16T15:00:00,2024-03-16,15,PIN,0.035,82.0,,,,,,,,,,46,,Aceptable,,Buena,Aceptable,PM10
2024-03-16T16:00:00,2024-03-16,16,PIN,0.029,107.0,100.8,,,,,,,,,61,62,Mala,Mala,Buena,Mala,PM10/PM2.5
2024-03-16T17:00:00,2024-03-16,17,PIN,0.026,115.0,,,,,,,,,,71,,Mala,,Buena,Mala,PM10
2024-03-16T18:00:00,2024-03-16,18,PIN,0.027,91.0,89.5,,,,,,,,,69,62,Mala,Mala,Buena,Mala,PM10/PM2.5
2024-03-16T19:00:00,2024-03-16,19,PIN,0.022,71.0,53.1,,,,,,,,,59,47,Aceptable,Mala,Buena,Mala,PM2.5
2024-03-16T20:00:00,2024-03-16,20,PIN,0.019,71.0,49.3,,,,,,,,,55,40,Aceptable,Mala,Buena,Mala,PM2.5
2024-03-16T21:00:00,2024-03-16,21,PIN,0.013,73.0,47.5,,,,,,,,,54,36,Aceptable,Mala,Buena,Mala,PM2.5
2024-03-16T22:00:00,2024-03-16,22,PIN,0.011,76.0,50.0,,,,,,,,,54,35,Aceptable,Mala,Buena,Mala,PM2.5
2024-03-16T23:00:00,2024-03-16,23,PIN,0.009,67.0,40.5,,,,,,,,,51,32,Aceptable,Aceptable,Buena,Aceptable,PM10/PM2.5
2024-03-17T00:00:00,2024-03-17,0,PIN,0.006,58.0,35.0,,,,,,,,,46,28,Aceptable,Aceptable,Buena,Aceptable,PM10/PM2.5
2024-03-17T01:00:00,2024-03-17,1,PIN,0.005,56.0,41.5,,,,,,,,,43,28,Buena,Aceptable,Buena,Aceptable,PM2.5
2024-03-17T02:00:00,2024-03-17,2,PIN,0.005,65.0,48.8,,,,,,,,,45,31,Buena,Aceptable,Buena,Aceptable,PM2.5
2024-03-17T03:00:00,2024-03-17,3,PIN,0.004,71.0,54.2,,,,,,,,,48,35,Aceptable,Mala,Buena,Mala,PM2.5
2024-03-17T04:00:00,2024-03-17,4,PIN,0.005,87.0,53.8,,,,,,,,,55,36,Aceptable,Mala,Buena,Mala,PM2.5
2024-03-17T05:00:00,2024-03-17,5,PIN,0.007,136.0,93.2,,,,,,,,,76,50,Mala,Mala,Buena,Mala,PM10/PM2.5
2024-03-17T06:00:00,2024-03-17,6,PIN,0.005,143.0,92.4,,,,,,,,,89,57,Mala,Mala,Buena,Mala,PM10/PM2.5
2024-03-17T07:00:00,2024-03-17,7,PIN,0.005,122.0,72.2,,,,,,,,,88,53,Mala,Mala,Buena,Mala,PM10/PM2.5
2024-03-17T08:00:00,2024-03-17,8,PIN,0.008,125.0,94.8,,,,,,,,,89,60,Mala,Mala,Buena,Mala,PM10/PM2.5
2024-03-17T09:00:00,2024-03-17,9,PIN,0.018,100.0,,,,,,,,,,80,60,Mala,Mala,Buena,Mala,PM10/PM2.5
2024-03-17T10:00:00,2024-03-17,10,PIN,0.034,44.0,,,,,,,,,,56,,Aceptable,,Buena,Aceptable,PM10
2024-03-17T11:00:00,2024-03-17,11,PIN,0.036,38.0,,,,,,,,,,41,,Buena,,Buena,Buena,PM10/O3
2024-03-17T12:00:00,2024-03-17,12,PIN,0.027,39.0,,,,,,,,,,35,,Buena,,Buena,Buena,PM10/O3
2024-03-17T13:00:00,2024-03-17,13,PIN,0.03,47.0,,,,,,,,,,34,,Buena,,Buena,Buena,PM10/O3
2024-03-17T14:00:00,2024-03-17,14,PIN,0.028,52.0,49.3,,,,,,,,,36,,Buena,,Buena,Buena,PM10/O3
2024-03-17T15:00:00,2024-03-17,15,PIN,0.028,74.0,73.9,,,,,,,,,44,46,Buena,Mala,Buena,Mala,PM2.5
2024-03-17T16:00:00,2024-03-17,16,PIN,0.03,47.0,,,,,,,,,,39,46,Buena,Mala,Buena,Mala,PM2.5
2024-03-17T17:00:00,2024-03-17,17,PIN,0.029,31.0,,,,,,,,,,31,,Buena,,Buena,Buena,PM10/O3
2024-03-17T18:00:00,2024-03-17,18,PIN,0.025,48.0,,,,,,,,,,32,,Buena,,Buena,Buena,PM10/O3
2024-03-17T19:00:00,2024-03-17,19,PIN,0.017,57.0,,,,,,,,,,36,,Buena,,Buena,Buena,PM10/O3
2024-03-17T20:00:00,2024-03-17,20,PIN,0.017,35.0,26.5,,,,,,,,,31,,Buena,,Buena,Buena,PM10/O3
2024-03-17T21:00:00,2024-03-17,21,PIN,0.012,46.0,28.8,,,,,,,,,32,20,Buena,Aceptable,Buena,Aceptable,PM2.5
2024-03-17T22:00:00,2024-03-17,22,PIN,0.012,48.0,25.8,,,,,,,,,33,19,Buena,Aceptable,Buena,Aceptable,PM2.5
2024-03-17T23:00:00,2024-03-17,23,PIN,0.012,58.0,33.1,,,,,,,,,37,21,Buena,Aceptable,Buena,Aceptable,PM2.5
2024-03-18T00:00:00,2024-03-18,0,PIN,0.007,44.0,35.0,,,,,,,,,34,23,Buena,Aceptable,Buena,Aceptable,PM2.5
2024-03-18T01:00:00,2024-03-18,1,PIN,0.005,54.0,39.8,,,,,,,,,36,25,Buena,Aceptable,Buena,Aceptable,PM2.5
2024-03-18T02:00:00,2024-03-18,2,PIN,0.004,71.0,47.1,,,,,,,,,44,29,Buena,Aceptable,Buena,Aceptable,PM2.5
2024-03-18T03:00:00,2024-03-18,3,PIN,0.005,72.0,51.6,,,,,,,,,48,33,Aceptable,Aceptable,Buena,Aceptable,PM10/PM2.5
2024-03-18T04:00:00,2024-03-18,4,PIN,0.005,103.0,64.4,,,,,,,,,61,39,Mala,Mala,Buena,Mala,PM10/PM2.5
2024-03-18T05:00:00,2024-03-18,5,PIN,0.005,100.0,67.3,,,,,,,,,66,42,Mala,Mala,Buena,Mala,PM10/PM2.5
2024-03-18T06:00:00,2024-03-18,6,PIN,0.005,111.0,74.9,,,,,,,,,73,47,Mala,Mala,Buena,Mala,PM10/PM2.5
2024-03-18T07:00:00,2024-03-18,7,PIN,0.007,138.0,104.0,,,,,,,,,86,60,Mala,Mala,Buena,Mala,PM10/PM2.5
2024-03-18T08:00:00,2024-03-18,8,PIN,0.009,146.0,121.3,,,,,,,,,95,72,Mala,Mala,Buena,Mala,PM10/PM2.5
2024-03-18T09:00:00,2024-03-18,9,PIN,0.023,69.0,,,,,,,,,,72,72,Mala,Mala,Buena,Mala,PM10/PM2.5
2024-03-18T10:00:00,2024-03-18,10,PIN,0.036,44.0,,,,,,,,,,51,,Aceptable,,Buena,Aceptable,PM10
2024-03-18T11:00:00,2024-03-18,11,PIN,0.043,42.0,,,,,,,,,,41,,Buena,,Buena,Buena,PM10/O3
2024-03-18T12:00:00,2024-03-18,12,PIN,0.034,52.0,,,,,,,,,,39,,Buena,,Buena,Buena,PM10/O3
2024-03-18T13:00:00,2024-03-18,13,PIN,0.037,87.0,,,,,,,,,,51,,Aceptable,,Buena,Aceptable,PM10
2024-03-18T14:00:00,2024-03-18,14,PIN,0.036,48.0,,,,,,,,,,42,,Buena,,Buena,Buena,PM10/O3
2024-03-18T15:00:00,2024-03-18,15,PIN,0.038,41.0,38.3,,,,,,,,,36,,Buena,,Buena,Buena,PM10/O3
2024-03-18T16:00:00,2024-03-18,16,PIN,0.038,32.0,29.3,,,,,,,,,29,23,Buena,Aceptable,Buena,Aceptable,PM2.5
2024-03-18T17:00:00,2024-03-18,17,PIN,0.037,42.0,40.1,,,,,,,,,30,26,Buena,Aceptable,Buena,Aceptable,PM2.5
2024-03-18T18:00:00,2024-03-18,18,PIN,0.029,46.0,,,,,,,,,,31,26,Buena,Aceptable,Buena,Aceptable,PM2.5
2024-03-18T19:00:00,2024-03-18,19,PIN,0.027,46.0,43.8,,,,,,,,,32,29,Buena,Aceptable,Buena,Aceptable,PM2.5
2024-03-18T20:00:00,2024-03-18,20,PIN,0.024,40.0,29.4,,,,,,,,,30,24,Buena,Aceptable,Buena,Aceptable,PM2.5
2024-03-18T21:00:00,2024-03-18,21,PIN,0.02,48.0,37.4,,,,,,,,,32,25,Buena,Aceptable,Buena,Aceptable,PM2.5
2024-03-18T22:00:00,2024-03-18,22,PIN,0.011,40.0,31.1,,,,,,,,,31,24,Buena,Aceptable,Buena,Aceptable,PM2.5
2024-03-18T23:00:00,2024-03-18,23,PIN,0.01,68.0,38.4,,,,,,,,,39,25,Buena,Aceptable,Buena,Aceptable,PM2.5
2024-03-19T00:00:00,2024-03-19,0,PIN,0.007,70.0,50.6,,,,,,,,,45,29,Buena,Aceptable,Buena,Aceptable,PM2.5
2024-03-19T01:00:00,2024-03-19,1,PIN,0.009,88.0,77.6,,,,,,,,,54,42,Aceptable,Mala,Buena,Mala,PM2.5
2024-03-19T02:00:00,2024-03-19,2,PIN,0.011,67.0,54.3,,,,,,,,,51,40,Aceptable,Mala,Buena,Mala,PM2.5
2024-03-19T03:00:00,2024-03-19,3,PIN,0.008,58.0,51.9,,,,,,,,,46,38,Aceptable,Mala,Buena,Mala,PM2.5
2024-03-19T04:00:00,2024-03-19,4,PIN,0.006,120.0,86.5,,,,,,,,,66,49,Mala,Mala,Buena,Mala,PM10/PM2.5
2024-03-19T05:00:00,2024-03-19,5,PIN,0.006,134.0,96.6,,,,,,,,,81,58,Mala,Mala,Buena,Mala,PM10/PM2.5
2024-03-19T06:00:00,2024-03-19,6,PIN,0.005,114.0,81.7,,,,,,,,,81,58,Mala,Mala,Buena,Mala,PM10/PM2.5
2024-03-19T07:00:00,2024-03-19,7,PIN,0.006,132.0,101.1,,,,,,,,,88,64,Mala,Mala,Buena,Mala,PM10/PM2.5
2024-03-19T08:00:00,2024-03-19,8,PIN,0.007,192.0,154.7,,,,,,,,,112,85,Mala,Muy mala,Buena,Muy mala,PM2.5
2024-03-19T09:00:00,2024-03-19,9,PIN,0.018,253.0,224.7,,,,,,,,,146,121,Muy mala,Muy mala,Buena,Muy mala,PM10/PM2.5
2024-03-19T10:00:00,2024-03-19,10,PIN,0.038,110.0,,,,,,,,,,113,121,Mala,Muy mala,Buena,Muy mala,PM2.5
2024-03-19T11:00:00,2024-03-19,11,PIN,0.046,45.0,,,,,,,,,,72,,Mala,,Buena,Mala,PM10
2024-03-19T12:00:00,2024-03-19,12,PIN,0.047,46.0,,,,,,,,,,53,,Aceptable,,Buena,Aceptable,PM10
2024-03-19T13:00:00,2024-03-19,13,PIN,0.037,62.0,,,,,,,,,,49,,Aceptable,,Buena,Aceptable,PM10
2024-03-19T14:00:00,2024-03-19,14,PIN,0.042,39.0,,,,,,,,,,38,,Buena,,Buena,Buena,PM10/O3
2024-03-19T15:00:00,2024-03-19,15,PIN,0.037,39.0,,,,,,,,,,33,,Buena,,Buena,Buena,PM10/O3
2024-03-19T16:00:00,2024-03-19,16,PIN,0.034,46.0,40.6,,,,,,,,,33,,Buena,,Buena,Buena,PM10/O3
2024-03-19T17:00:00,2024-03-19,17,PIN,0.032,88.0,83.4,,,,,,,,,48,49,Aceptable,Mala,Buena,Mala,PM2.5
2024-03-19T18:00:00,2024-03-19,18,PIN,0.03,85.0,67.5,,,,,,,,,54,47,Aceptable,Mala,Buena,Mala,PM2.5
2024-03-19T19:00:00,2024-03-19,19,PIN,0.021,63.0,51.4,,,,,,,,,49,41,Aceptable,Mala,Buena,Mala,PM2.5
2024-03-19T20:00:00,2024-03-19,20,PIN,0.021,51.0,41.7,,,,,,,,,43,35,Buena,Mala,Buena,Mala,PM2.5
2024-03-19T21:00:00,2024-03-19,21,PIN,0.019,76.0,55.4,,,,,,,,,49,37,Aceptable,Mala,Buena,Mala,PM2.5
2024-03-19T22:00:00,2024-03-19,22,PIN,0.022,56.0,44.4,,,,,,,,,44,34,Buena,Mala,Buena,Mala,PM2.5
2024-03-19T23:00:00,2024-03-19,23,PIN,0.021,42.0,28.6,,,,,,,,,37,27,Buena,Aceptable,Buena,Aceptable,PM2.5
2024-03-20T00:00:00,2024-03-20,0,PIN,0.018,38.0,27.7,,,,,,,,,32,23,Buena,Aceptable,Buena,Aceptable,PM2.5
2024-03-20T01:00:00,2024-03-20,1,PIN,0.012,49.0,33.0,,,,,,,,,34,23,Buena,Aceptable,Buena,Aceptable,PM2.5
2024-03-20T02:00:00,2024-03-20,2,PIN,0.023,41.0,30.2,,,,,,,,,31,22,Buena,Aceptable,Buena,Aceptable,PM2.5
2024-03-20T03:00:00,2024-03-20,3,PIN,0.016,36.0,29.0,,,,,,,,,29,21,Buena,Aceptable,Buena,Aceptable,PM2.5
2024-03-20T04:00:00,2024-03-20,4,PIN,0.011,33.0,24.3,,,,,,,,,26,19,Buena,Aceptable,Buena,Aceptable,PM2.5
2024-03-20T05:00:00,2024-03-20,5,PIN,0.006,39.0,29.6,,,,,,,,,27,19,Buena,Aceptable,Buena,Aceptable,PM2.5
2024-03-20T06:00:00,2024-03-20,6,PIN,0.005,60.0,49.8,,,,,,,,,35,27,Buena,Aceptable,Buena,Aceptable,PM2.5
2024-03-20T07:00:00,2024-03-20,7,PIN,0.006,93.0,73.2,,,,,,,,,51,39,Aceptable,Mala,Buena,Mala,PM2.5
2024-03-20T08:00:00,2024-03-20,8,PIN,0.011,134.0,110.2,,,,,,,,,73,58,Mala,Mala,Buena,Mala,PM10/PM2.5
2024-03-20T09:00:00,2024-03-20,9,PIN,0.028,128.0,116.3,,,,,,,,,82,69,Mala,Mala,Buena,Mala,PM10/PM2.5
2024-03-20T10:00:00,2024-03-20,10,PIN,0.032,80.0,77.5,,,,,,,,,70,62,Mala,Mala,Buena,Mala,PM10/PM2.5
2024-03-20T11:00:00,2024-03-20,11,PIN,0.041,50.0,,,,,,,,,,53,62,Aceptable,Mala,Buena,Mala,PM2.5
2024-03-20T12:00:00,2024-03-20,12,PIN,0.05,43.0,44.0,,,,,,,,,41,41,Buena,Mala,Buena,Mala,PM2.5
2024-03-20T13:00:00,2024-03-20,13,PIN,0.055,43.0,43.7,,,,,,,,,36,35,Buena,Mala,Buena,Mala,PM2.5
2024-03-20T14:00:00,2024-03-20,14,PIN,0.046,43.0,34.0,,,,,,,,,34,29,Buena,Aceptable,Buena,Aceptable,PM2.5
2024-03-20T15:00:00,2024-03-20,15,PIN,0.041,60.0,,,,,,,,,,38,29,Buena,Aceptable,Buena,Aceptable,PM2.5
2024-03-20T16:00:00,2024-03-20,16,PIN,0.036,68.0,58.7,,,,,,,,,44,37,Buena,Mala,Buena,Mala,PM2.5
2024-03-20T17:00:00,2024-03-20,17,PIN,0.035,70.0,51.3,,,,,,,,,46,36,Aceptable,Mala,Buena,Mala,PM2.5
2024-03-20T18:00:00,2024-03-20,18,PIN,0.029,76.0,58.5,,,,,,,,,51,39,Aceptable,Mala,Buena,Mala,PM2.5
2024-03-20T19:00:00,2024-03-20,19,PIN,0.021,84.0,59.1,,,,,,,,,55,40,Aceptable,Mala,Buena,Mala,PM2.5
2024-03-20T20:00:00,2024-03-20,20,PIN,0.013,59.0,41.5,,,,,,,,,49,34,Aceptable,Mala,Buena,Mala,PM2.5
2024-03-20T21:00:00,2024-03-20,21,PIN,0.016,59.0,33.9,,,,,,,,,46,29,Aceptable,Aceptable,Buena,Aceptable,PM10/PM2.5
2024-03-20T22:00:00,2024-03-20,22,PIN,0.016,40.0,18.1,,,,,,,,,37,21,Buena,Aceptable,Buena,Aceptable,PM2.5
2024-03-20T23:00:00,2024-03-20,23,PIN,0.011,53.0,28.4,,,,,,,,,37,20,Buena,Aceptable,Buena,Aceptable,PM2.5
2024-03-21T00:00:00,2024-03-21,0,PIN,0.019,62.0,45.8,,,,,,,,,41,26,Buena,Aceptable,Buena,Aceptable,PM2.5
2024-03-21T01:00:00,2024-03-21,1,PIN,0.014,46.0,46.2,,,,,,,,,37,29,Buena,Aceptable,Buena,Aceptable,PM2.5
2024-03-21T02:00:00,2024-03-21,2,PIN,0.014,44.0,34.7,,,,,,,,,34,26,Buena,Aceptable,Buena,Aceptable,PM2.5
2024-03-21T03:00:00,2024-03-21,3,PIN,0.014,40.0,29.4,,,,,,,,,31,24,Buena,Aceptable,Buena,Aceptable,PM2.5
2024-03-21T04:00:00,2024-03-21,4,PIN,0.014,51.0,43.3,,,,,,,,,34,27,Buena,Aceptable,Buena,Aceptable,PM2.5
2024-03-21T05:00:00,2024-03-21,5,PIN,0.008,59.0,41.4,,,,,,,,,38,28,Buena,Aceptable,Buena,Aceptable,PM2.5
2024-03-21T06:00:00,2024-03-21,6,PIN,0.005,81.0,61.1,,,,,,,,,48,35,Aceptable,Mala,Buena,Mala,PM2.5
2024-03-21T07:00:00,2024-03-21,7,PIN,0.006,127.0,94.0,,,,,,,,,69,50,Mala,Mala,Buena,Mala,PM10/PM2.5
2024-03-21T08:00:00,2024-03-21,8,PIN,0.012,184.0,146.8,,,,,,,,,101,76,Mala,Mala,Buena,Mala,PM10/PM2.5
2024-03-21T09:00:00,2024-03-21,9,PIN,0.03,137.0,133.6,,,,,,,,,99,85,Mala,Muy mala,Buena,Muy mala,PM2.5
2024-03-21T10:00:00,2024-03-21,10,PIN,0.041,96.0,,,,,,,,,,84,85,Mala,Muy mala,Buena,Muy mala,PM2.5
2024-03-21T11:00:00,2024-03-21,11,PIN,0.037,72.0,,,,,,,,,,68,,Mala,,Buena,Mala,PM10
2024-03-21T12:00:00,2024-03-21,12,PIN,0.035,88.0,80.6,,,,,,,,,65,,Mala,,Buena,Mala,PM10
2024-03-21T13:00:00,2024-03-21,13,PIN,0.033,128.0,107.8,,,,,,,,,79,70,Mala,Mala,Buena,Mala,PM10/PM2.5
2024-03-21T14:00:00,2024-03-21,14,PIN,0.036,123.0,103.0,,,,,,,,,83,71,Mala,Mala,Buena,Mala,PM10/PM2.5
2024-03-21T15:00:00,2024-03-21,15,PIN,0.036,107.0,96.7,,,,,,,,,80,69,Mala,Mala,Buena,Mala,PM10/PM2.5
2024-03-21T16:00:00,2024-03-21,16,PIN,0.032,117.0,106.5,,,,,,,,,81,71,Mala,Mala,Buena,Mala,PM10/PM2.5
2024-03-21T17:00:00,2024-03-21,17,PIN,0.029,146.0,114.8,,,,,,,,,93,76,Mala,Mala,Buena,Mala,PM10/PM2.5
2024-03-21T18:00:00,2024-03-21,18,PIN,0.027,111.0,84.3,,,,,,,,,86,67,Mala,Mala,Buena,Mala,PM10/PM2.5
2024-03-21T19:00:00,2024-03-21,19,PIN,0.024,87.0,71.2,,,,,,,,,74,58,Mala,Mala,Buena,Mala,PM10/PM2.5
2024-03-21T20:00:00,2024-03-21,20,PIN,0.022,81.0,65.2,,,,,,,,,66,51,Mala,Mala,Buena,Mala,PM10/PM2.5
2024-03-21T21:00:00,2024-03-21,21,PIN,0.015,51.0,39.1,,,,,,,,,51,40,Aceptable,Mala,Buena,Mala,PM2.5
2024-03-21T22:00:00,2024-03-21,22,PIN,0.012,44.0,32.7,,,,,,,,,41,31,Buena,Aceptable,Buena,Aceptable,PM2.5
2024-03-21T23:00:00,2024-03-21,23,PIN,0.012,42.0,25.1,,,,,,,,,36,24,Buena,Aceptable,Buena,Aceptable,PM2.5
2024-03-22T00:00:00,2024-03-22,0,PIN,0.005,27.0,15.0,,,,,,,,,27,17,Buena,Aceptable,Buena,Aceptable,PM2.5
2024-03-22T01:00:00,2024-03-22,1,PIN,0.004,37.0,22.6,,,,,,,,,27,17,Buena,Aceptable,Buena,Aceptable,PM2.5
2024-03-22T02:00:00,2024-03-22,2,PIN,0.005,72.0,55.5,,,,,,,,,39,28,Buena,Aceptable,Buena,Aceptable,PM2.5
2024-03-22T03:00:00,2024-03-22,3,PIN,0.005,83.0,56.7,,,,,,,,,49,33,Aceptable,Aceptable,Buena,Aceptable,PM10/PM2.5
2024-03-22T04:00:00,2024-03-22,4,PIN,0.006,74.0,53.0,,,,,,,,,51,35,Aceptable,Mala,Buena,Mala,PM2.5
2024-03-22T05:00:00,2024-03-22,5,PIN,0.006,105.0,69.9,,,,,,,,,63,42,Mala,Mala,Buena,Mala,PM10/PM2.5
2024-03-22T06:00:00,2024-03-22,6,PIN,0.005,121.0,90.0,,,,,,,,,75,52,Mala,Mala,Buena,Mala,PM10/PM2.5
2024-03-22T07:00:00,2024-03-22,7,PIN,0.006,145.0,93.3,,,,,,,,,89,58,Mala,Mala,Buena,Mala,PM10/PM2.5
2024-03-22T08:00:00,2024-03-22,8,PIN,0.007,217.0,166.5,,,,,,,,,122,87,Mala,Muy mala,Buena,Muy mala,PM2.5
2024-03-22T09:00:00,2024-03-22,9,PIN,0.015,159.0,142.5,,,,,,,,,118,93,Mala,Muy mala,Buena,Muy mala,PM2.5
2024-03-22T10:00:00,2024-03-22,10,PIN,0.026,51.0,,,,,,,,,,77,93,Mala,Muy mala,Buena,Muy mala,PM2.5
2024-03-22T11:00:00,2024-03-22,11,PIN,0.04,38.0,,,,,,,,,,52,,Aceptable,,Buena,Aceptable,PM10
2024-03-22T12:00:00,2024-03-22,12,PIN,0.044,52.0,,,,,,,,,,44,,Buena,,Buena,Buena,PM10/O3
2024-03-22T13:00:00,2024-03-22,13,PIN,0.042,55.0,54.7,,,,,,,,,42,,Buena,,Buena,Buena,PM10/O3
2024-03-22T14:00:00,2024-03-22,14,PIN,0.043,81.0,76.6,,,,,,,,,50,50,Aceptable,Mala,Buena,Mala,PM2.5
2024-03-22T15:00:00,2024-03-22,15,PIN,0.045,61.0,57.5,,,,,,,,,46,44,Aceptable,Mala,Buena,Mala,PM2.5
2024-03-22T16:00:00,2024-03-22,16,PIN,0.045,48.0,46.7,,,,,,,,,41,38,Buena,Mala,Buena,Mala,PM2.5
2024-03-22T17:00:00,2024-03-22,17,PIN,0.043,41.0,35.4,,,,,,,,,35,31,Buena,Aceptable,Buena,Aceptable,PM2.5
2024-03-22T18:00:00,2024-03-22,18,PIN,0.033,71.0,60.2,,,,,,,,,43,37,Buena,Mala,Buena,Mala,PM2.5
2024-03-22T19:00:00,2024-03-22,19,PIN,0.034,82.0,62.9,,,,,,,,,51,40,Aceptable,Mala,Buena,Mala,PM2.5
2024-03-22T20:00:00,2024-03-22,20,PIN,0.025,52.0,36.1,,,,,,,,,44,33,Buena,Aceptable,Buena,Aceptable,PM2.5
2024-03-22T21:00:00,2024-03-22,21,PIN,0.015,70.0,51.9,,,,,,,,,47,34,Aceptable,Mala,Buena,Mala,PM2.5
2024-03-22T22:00:00,2024-03-22,22,PIN,0.013,112.0,71.3,,,,,,,,,64,42,Mala,Mala,Buena,Mala,PM10/PM2.5
2024-03-22T23:00:00,2024-03-22,23,PIN,0.005,128.0,85.4,,,,,,,,,77,51,Mala,Mala,Buena,Mala,PM10/PM2.5
2024-03-23T00:00:00,2024-03-23,0,PIN,0.006,135.0,90.2,,,,,,,,,87,57,Mala,Mala,Buena,Mala,PM10/PM2.5
2024-03-23T01:00:00,2024-03-23,1,PIN,0.006,124.0,86.4,,,,,,,,,88,58,Mala,Mala,Buena,Mala,PM10/PM2.5
2024-03-23T02:00:00,2024-03-23,2,PIN,0.005,131.0,90.9,,,,,,,,,91,60,Mala,Mala,Buena,Mala,PM10/PM2.5
2024-03-23T03:00:00,2024-03-23,3,PIN,0.007,169.0,110.6,,,,,,,,,106,69,Mala,Mala,Buena,Mala,PM10/PM2.5
2024-03-23T04:00:00,2024-03-23,4,PIN,0.006,196.0,124.5,,,,,,,,,123,78,Mala,Mala,Buena,Mala,PM10/PM2.5
2024-03-23T05:00:00,2024-03-23,5,PIN,0.006,176.0,116.3,,,,,,,,,124,79,Mala,Mala,Buena,Mala,PM10/PM2.5
2024-03-23T06:00:00,2024-03-23,6,PIN,0.007,231.0,143.2,,,,,,,,,145,90,Muy mala,Muy mala,Buena,Muy mala,PM10/PM2.5
2024-03-23T07:00:00,2024-03-23,7,PIN,0.007,290.0,193.2,,,,,,,,,176,112,Muy mala,Muy mala,Buena,Muy mala,PM10/PM2.5
2024-03-23T08:00:00,2024-03-23,8,PIN,0.008,290.0,219.2,,,,,,,,,191,132,Muy mala,Extremadamente mala,Buena,Extremadamente mala,PM2.5
2024-03-23T09:00:00,2024-03-23,9,PIN,0.021,252.0,199.6,,,,,,,,,186,135,Muy mala,Extremadamente mala,Buena,Extremadamente mala,PM2.5
2024-03-23T10:00:00,2024-03-23,10,PIN,0.045,191.0,173.0,,,,,,,,,161,128,Muy mala,Muy mala,Buena,Muy mala,PM10/PM2.5
2024-03-23T11:00:00,2024-03-23,11,PIN,0.067,104.0,,,,,,,,,,118,128,Mala,Muy mala,Aceptable,Muy mala,PM2.5
2024-03-23T12:00:00,2024-03-23,12,PIN,0.07,71.0,,,,,,,,,,84,,Mala,,Aceptable,Mala,PM10
2024-03-23T13:00:00,2024-03-23,13,PIN,0.059,60.0,,,,,,,,,,64,,Mala,,Aceptable,Mala,PM10
2024-03-23T14:00:00,2024-03-23,14,PIN,0.06,58.0,51.9,,,,,,,,,52,,Aceptable,,Aceptable,Aceptable,PM10/O3
2024-03-23T15:00:00,2024-03-23,15,PIN,0.056,57.0,45.5,,,,,,,,,46,37,Aceptable,Mala,Buena,Mala,PM2.5
2024-03-23T16:00:00,2024-03-23,16,PIN,0.055,57.0,55.6,,,,,,,,,44,37,Buena,Mala,Buena,Mala,PM2.5
2024-03-23T17:00:00,2024-03-23,17,PIN,0.055,58.0,42.5,,,,,,,,,43,33,Buena,Aceptable,Buena,Aceptable,PM2.5
2024-03-23T18:00:00,2024-03-23,18,PIN,0.053,59.0,45.3,,,,,,,,,42,33,Buena,Aceptable,Buena,Aceptable,PM2.5
2024-03-23T19:00:00,2024-03-23,19,PIN,0.046,72.0,58.8,,,,,,,,,47,37,Aceptable,Mala,Buena,Mala,PM2.5
2024-03-23T20:00:00,2024-03-23,20,PIN,0.042,74.0,52.0,,,,,,,,,50,36,Aceptable,Mala,Buena,Mala,PM2.5
2024-03-23T21:00:00,2024-03-23,21,PIN,0.036,70.0,37.0,,,,,,,,,50,31,Aceptable,Aceptable,Buena,Aceptable,PM10/PM2.5
2024-03-23T22:00:00,2024-03-23,22,PIN,0.036,67.0,44.3,,,,,,,,,49,31,Aceptable,Aceptable,Buena,Aceptable,PM10/PM2.5
2024-03-23T23:00:00,2024-03-23,23,PIN,0.041,54.0,34.0,,,,,,,,,45,28,Buena,Aceptable,Buena,Aceptable,PM2.5
2024-03-24T00:00:00,2024-03-24,0,PIN,0.044,42.0,19.1,,,,,,,,,38,20,Buena,Aceptable,Buena,Aceptable,PM2.5
2024-03-24T01:00:00,2024-03-24,1,PIN,0.04,35.0,17.9,,,,,,,,,31,17,Buena,Aceptable,Buena,Aceptable,PM2.5
2024-03-24T02:00:00,2024-03-24,2,PIN,0.04,29.0,21.5,,,,,,,,,26,16,Buena,Aceptable,Buena,Aceptable,PM2.5
2024-03-24T03:00:00,2024-03-24,3,PIN,0.039,40.0,29.5,,,,,,,,,27,18,Buena,Aceptable,Buena,Aceptable,PM2.5
2024-03-24T04:00:00,2024-03-24,4,PIN,0.036,30.0,19.9,,,,,,,,,24,16,Buena,Aceptable,Buena,Aceptable,PM2.5
2024-03-24T05:00:00,2024-03-24,5,PIN,0.023,29.0,16.0,,,,,,,,,23,13,Buena,Buena,Buena,Buena,PM10/PM2.5/O3
2024-03-24T06:00:00,2024-03-24,6,PIN,0.007,74.0,53.9,,,,,,,,,38,26,Buena,Aceptable,Buena,Aceptable,PM2.5
2024-03-24T07:00:00,2024-03-24,7,PIN,0.008,131.0,104.1,,,,,,,,,66,49,Mala,Mala,Buena,Mala,PM10/PM2.5
2024-03-24T08:00:00,2024-03-24,8,PIN,0.014,120.0,107.9,,,,,,,,,76,62,Mala,Mala,Buena,Mala,PM10/PM2.5
2024-03-24T09:00:00,2024-03-24,9,PIN,0.042,99.0,99.4,,,,,,,,,73,65,Mala,Mala,Buena,Mala,PM10/PM2.5
2024-03-24T10:00:00,2024-03-24,10,PIN,0.053,76.0,73.0,,,,,,,,,64,58,Mala,Mala,Buena,Mala,PM10/PM2.5
2024-03-24T11:00:00,2024-03-24,11,PIN,0.055,70.0,,,,,,,,,,57,58,Aceptable,Mala,Buena,Mala,PM2.5
2024-03-24T12:00:00,2024-03-24,12,PIN,0.055,94.0,,,,,,,,,,62,,Mala,,Buena,Mala,PM10
2024-03-24T13:00:00,2024-03-24,13,PIN,0.053,73.0,,,,,,,,,,57,,Aceptable,,Buena,Aceptable,PM10
2024-03-24T14:00:00,2024-03-24,14,PIN,0.052,133.0,120.3,,,,,,,,,76,,Mala,,Buena,Mala,PM10
2024-03-24T15:00:00,2024-03-24,15,PIN,0.052,82.0,81.5,,,,,,,,,67,65,Mala,Mala,Buena,Mala,PM10/PM2.5
2024-03-24T16:00:00,2024-03-24,16,PIN,0.051,112.0,,,,,,,,,,74,65,Mala,Mala,Buena,Mala,PM10/PM2.5
2024-03-24T17:00:00,2024-03-24,17,PIN,0.048,122.0,121.2,,,,,,,,,80,79,Mala,Mala,Buena,Mala,PM10/PM2.5
2024-03-24T18:00:00,2024-03-24,18,PIN,0.044,96.0,91.4,,,,,,,,,74,70,Mala,Mala,Buena,Mala,PM10/PM2.5
2024-03-24T19:00:00,2024-03-24,19,PIN,0.038,59.0,45.7,,,,,,,,,59,49,Aceptable,Mala,Buena,Mala,PM2.5
2024-03-24T20:00:00,2024-03-24,20,PIN,0.031,44.0,35.3,,,,,,,,,45,36,Buena,Mala,Buena,Mala,PM2.5
2024-03-24T21:00:00,2024-03-24,21,PIN,0.03,50.0,31.4,,,,,,,,,40,29,Buena,Aceptable,Buena,Aceptable,PM2.5
2024-03-24T22:00:00,2024-03-24,22,PIN,0.028,58.0,33.0,,,,,,,,,41,26,Buena,Aceptable,Buena,Aceptable,PM2.5
2024-03-24T23:00:00,2024-03-24,23,PIN,0.019,66.0,42.9,,,,,,,,,44,28,Buena,Aceptable,Buena,Aceptable,PM2.5
2024-03-25T00:00:00,2024-03-25,0,PIN,0.021,69.0,51.6,,,,,,,,,46,32,Aceptable,Aceptable,Buena,Aceptable,PM10/PM2.5
2024-03-25T01:00:00,2024-03-25,1,PIN,0.03,46.0,35.0,,,,,,,,,40,28,Buena,Aceptable,Buena,Aceptable,PM2.5
2024-03-25T02:00:00,2024-03-25,2,PIN,0.031,34.0,26.0,,,,,,,,,32,23,Buena,Aceptable,Buena,Aceptable,PM2.5
2024-03-25T03:00:00,2024-03-25,3,PIN,0.027,41.0,28.9,,,,,,,,,31,22,Buena,Aceptable,Buena,Aceptable,PM2.5
2024-03-25T04:00:00,2024-03-25,4,PIN,0.008,52.0,46.7,,,,,,,,,34,27,Buena,Aceptable,Buena,Aceptable,PM2.5
2024-03-25T05:00:00,2024-03-25,5,PIN,0.004,75.0,56.4,,,,,,,,,44,33,Buena,Aceptable,Buena,Aceptable,PM2.5
2024-03-25T06:00:00,2024-03-25,6,PIN,0.004,101.0,79.4,,,,,,,,,58,44,Aceptable,Mala,Buena,Mala,PM2.5
2024-03-25T07:00:00,2024-03-25,7,PIN,0.007,111.0,89.2,,,,,,,,,69,53,Mala,Mala,Buena,Mala,PM10/PM2.5
2024-03-25T08:00:00,2024-03-25,8,PIN,0.025,150.0,142.0,,,,,,,,,88,76,Mala,Mala,Buena,Mala,PM10/PM2.5
2024-03-25T09:00:00,2024-03-25,9,PIN,0.041,88.0,,,,,,,,,,76,76,Mala,Mala,Buena,Mala,PM10/PM2.5
2024-03-25T10:00:00,2024-03-25,10,PIN,0.046,66.0,55.7,,,,,,,,,61,51,Mala,Mala,Buena,Mala,PM10/PM2.5
2024-03-25T11:00:00,2024-03-25,11,PIN,0.047,77.0,70.3,,,,,,,,,58,50,Aceptable,Mala,Buena,Mala,PM2.5
2024-03-25T12:00:00,2024-03-25,12,PIN,0.05,91.0,,,,,,,,,,61,50,Mala,Mala,Buena,Mala,PM10/PM2.5
2024-03-25T13:00:00,2024-03-25,13,PIN,0.053,103.0,,,,,,,,,,68,,Mala,,Buena,Mala,PM10
2024-03-25T14:00:00,2024-03-25,14,PIN,0.054,107.0,,,,,,,,,,72,,Mala,,Buena,Mala,PM10
2024-03-25T15:00:00,2024-03-25,15,PIN,0.053,92.0,,,,,,,,,,69,,Mala,,Buena,Mala,PM10
2024-03-25T16:00:00,2024-03-25,16,PIN,0.053,91.0,,,,,,,,,,67,,Mala,,Buena,Mala,PM10
2024-03-25T17:00:00,2024-03-25,17,PIN,0.053,84.0,72.1,,,,,,,,,64,,Mala,,Buena,Mala,PM10
2024-03-25T18:00:00,2024-03-25,18,PIN,0.039,91.0,86.8,,,,,,,,,64,57,Mala,Mala,Buena,Mala,PM10/PM2.5
2024-03-25T19:00:00,2024-03-25,19,PIN,0.034,82.0,,,,,,,,,,61,57,Mala,Mala,Buena,Mala,PM10/PM2.5
2024-03-25T20:00:00,2024-03-25,20,PIN,0.025,69.0,66.9,,,,,,,,,57,50,Aceptable,Mala,Buena,Mala,PM2.5
2024-03-25T21:00:00,2024-03-25,21,PIN,0.018,58.0,40.9,,,,,,,,,49,37,Aceptable,Mala,Buena,Mala,PM2.5
2024-03-25T22:00:00,2024-03-25,22,PIN,0.006,85.0,62.2,,,,,,,,,54,40,Aceptable,Mala,Buena,Mala,PM2.5
2024-03-25T23:00:00,2024-03-25,23,PIN,0.018,110.0,92.2,,,,,,,,,66,53,Mala,Mala,Buena,Mala,PM10/PM2.5
2024-03-26T00:00:00,2024-03-26,0,PIN,0.023,66.0,49.3,,,,,,,,,57,43,Aceptable,Mala,Buena,Mala,PM2.5
2024-03-26T01:00:00,2024-03-26,1,PIN,0.014,54.0,43.3,,,,,,,,,48,37,Aceptable,Mala,Buena,Mala,PM2.5
2024-03-26T02:00:00,2024-03-26,2,PIN,0.015,65.0,49.0,,,,,,,,,47,35,Aceptable,Mala,Buena,Mala,PM2.5
2024-03-26T03:00:00,2024-03-26,3,PIN,0.005,73.0,55.8,,,,,,,,,49,37,Aceptable,Mala,Buena,Mala,PM2.5
2024-03-26T04:00:00,2024-03-26,4,PIN,0.005,87.0,67.5,,,,,,,,,56,42,Aceptable,Mala,Buena,Mala,PM2.5
2024-03-26T05:00:00,2024-03-26,5,PIN,0.005,124.0,92.6,,,,,,,,,72,53,Mala,Mala,Buena,Mala,PM10/PM2.5
2024-03-26T06:00:00,2024-03-26,6,PIN,0.006,160.0,119.1,,,,,,,,,94,68,Mala,Mala,Buena,Mala,PM10/PM2.5
2024-03-26T07:00:00,2024-03-26,7,PIN,0.007,180.0,136.3,,,,,,,,,111,81,Mala,Muy mala,Buena,Muy mala,PM2.5
2024-03-26T08:00:00,2024-03-26,8,PIN,0.01,183.0,143.9,,,,,,,,,121,90,Mala,Muy mala,Buena,Muy mala,PM2.5
2024-03-26T09:00:00,2024-03-26,9,PIN,0.027,203.0,179.8,,,,,,,,,133,108,Muy mala,Muy mala,Buena,Muy mala,PM10/PM2.5
2024-03-26T10:00:00,2024-03-26,10,PIN,0.042,112.0,109.3,,,,,,,,,106,92,Mala,Muy mala,Buena,Muy mala,PM2.5
2024-03-26T11:00:00,2024-03-26,11,PIN,0.055,58.0,,,,,,,,,,74,92,Mala,Muy mala,Buena,Muy mala,PM2.5
2024-03-26T12:00:00,2024-03-26,12,PIN,0.054,51.0,,,,,,,,,,55,,Aceptable,,Buena,Aceptable,PM10
2024-03-26T13:00:00,2024-03-26,13,PIN,0.055,96.0,92.1,,,,,,,,,62,,Mala,,Buena,Mala,PM10
2024-03-26T14:00:00,2024-03-26,14,PIN,0.054,112.0,111.5,,,,,,,,,71,74,Mala,Mala,Buena,Mala,PM10/PM2.5
2024-03-26T15:00:00,2024-03-26,15,PIN,0.052,94.0,,,,,,,,,,69,74,Mala,Mala,Buena,Mala,PM10/PM2.5
2024-03-26T16:00:00,2024-03-26,16,PIN,0.052,58.0,56.6,,,,,,,,,55,49,Aceptable,Mala,Buena,Mala,PM2.5
2024-03-26T17:00:00,2024-03-26,17,PIN,0.053,60.0,42.7,,,,,,,,,49,37,Aceptable,Mala,Buena,Mala,PM2.5
2024-03-26T18:00:00,2024-03-26,18,PIN,0.046,68.0,58.8,,,,,,,,,49,40,Aceptable,Mala,Buena,Mala,PM2.5
2024-03-26T19:00:00,2024-03-26,19,PIN,0.034,74.0,71.1,,,,,,,,,51,44,Aceptable,Mala,Buena,Mala,PM2.5
2024-03-26T20:00:00,2024-03-26,20,PIN,0.018,64.0,49.6,,,,,,,,,49,40,Aceptable,Mala,Buena,Mala,PM2.5
2024-03-26T21:00:00,2024-03-26,21,PIN,0.014,81.0,46.6,,,,,,,,,53,36,Aceptable,Mala,Buena,Mala,PM2.5
2024-03-26T22:00:00,2024-03-26,22,PIN,0.02,74.0,41.1,,,,,,,,,53,32,Aceptable,Aceptable,Buena,Aceptable,PM10/PM2.5
2024-03-26T23:00:00,2024-03-26,23,PIN,0.017,85.0,53.0,,,,,,,,,57,35,Aceptable,Mala,Buena,Mala,PM2.5
2024-03-27T00:00:00,2024-03-27,0,PIN,0.024,65.0,49.7,,,,,,,,,51,35,Aceptable,Mala,Buena,Mala,PM2.5
2024-03-27T01:00:00,2024-03-27,1,PIN,0.026,53.0,38.9,,,,,,,,,45,31,Buena,Aceptable,Buena,Aceptable,PM2.5
2024-03-27T02:00:00,2024-03-27,2,PIN,0.01,77.0,59.9,,,,,,,,,50,36,Aceptable,Mala,Buena,Mala,PM2.5
2024-03-27T03:00:00,2024-03-27,3,PIN,0.005,112.0,79.9,,,,,,,,,65,46,Mala,Mala,Buena,Mala,PM10/PM2.5
2024-03-27T04:00:00,2024-03-27,4,PIN,0.006,144.0,104.1,,,,,,,,,84,59,Mala,Mala,Buena,Mala,PM10/PM2.5
2024-03-27T05:00:00,2024-03-27,5,PIN,0.007,158.0,116.8,,,,,,,,,99,70,Mala,Mala,Buena,Mala,PM10/PM2.5
2024-03-27T06:00:00,2024-03-27,6,PIN,0.007,179.0,134.4,,,,,,,,,113,82,Mala,Muy mala,Buena,Muy mala,PM2.5
2024-03-27T07:00:00,2024-03-27,7,PIN,0.007,256.0,189.1,,,,,,,,,148,106,Muy mala,Muy mala,Buena,Muy mala,PM10/PM2.5
2024-03-27T08:00:00,2024-03-27,8,PIN,0.012,236.0,191.1,,,,,,,,,159,119,Muy mala,Muy mala,Buena,Muy mala,PM10/PM2.5
2024-03-27T09:00:00,2024-03-27,9,PIN,0.021,170.0,,,,,,,,,,140,119,Muy mala,Muy mala,Buena,Muy mala,PM10/PM2.5
2024-03-27T10:00:00,2024-03-27,10,PIN,0.046,116.0,,,,,,,,,,111,,Mala,,Buena,Mala,PM10
2024-03-27T11:00:00,2024-03-27,11,PIN,0.067,97.0,91.7,,,,,,,,,90,,Mala,,Aceptable,Mala,PM10
2024-03-27T12:00:00,2024-03-27,12,PIN,0.072,76.0,66.1,,,,,,,,,72,57,Mala,Mala,Aceptable,Mala,PM10/PM2.5
2024-03-27T13:00:00,2024-03-27,13,PIN,0.074,41.0,,,,,,,,,,51,57,Aceptable,Mala,Aceptable,Mala,PM2.5
2024-03-27T14:00:00,2024-03-27,14,PIN,0.079,38.0,,,,,,,,,,39,,Buena,,Aceptable,Aceptable,O3
2024-03-27T15:00:00,2024-03-27,15,PIN,0.085,40.0,35.7,,,,,,,,,34,,Buena,,Aceptable,Aceptable,O3
2024-03-27T16:00:00,2024-03-27,16,PIN,0.092,45.0,43.0,,,,,,,,,33,30,Buena,Aceptable,Mala,Mala,O3
2024-03-27T17:00:00,2024-03-27,17,PIN,0.065,47.0,42.0,,,,,,,,,34,30,Buena,Aceptable,Aceptable,Aceptable,PM2.5/O3
2024-03-27T18:00:00,2024-03-27,18,PIN,0.039,41.0,41.7,,,,,,,,,31,29,Buena,Aceptable,Buena,Aceptable,PM2.5
2024-03-27T19:00:00,2024-03-27,19,PIN,0.014,96.0,90.6,,,,,,,,,50,46,Aceptable,Mala,Buena,Mala,PM2.5
2024-03-27T20:00:00,2024-03-27,20,PIN,0.008,131.0,93.5,,,,,,,,,71,56,Mala,Mala,Buena,Mala,PM10/PM2.5
2024-03-27T21:00:00,2024-03-27,21,PIN,0.014,99.0,74.9,,,,,,,,,71,54,Mala,Mala,Buena,Mala,PM10/PM2.5
2024-03-27T22:00:00,2024-03-27,22,PIN,0.012,163.0,106.5,,,,,,,,,94,64,Mala,Mala,Buena,Mala,PM10/PM2.5
2024-03-27T23:00:00,2024-03-27,23,PIN,0.011,120.0,73.9,,,,,,,,,90,58,Mala,Mala,Buena,Mala,PM10/PM2.5
2024-03-28T00:00:00,2024-03-28,0,PIN,0.008,108.0,58.0,,,,,,,,,84,49,Mala,Mala,Buena,Mala,PM10/PM2.5
2024-03-28T01:00:00,2024-03-28,1,PIN,0.011,101.0,67.3,,,,,,,,,78,48,Mala,Mala,Buena,Mala,PM10/PM2.5
2024-03-28T02:00:00,2024-03-28,2,PIN,0.007,120.0,89.6,,,,,,,,,81,55,Mala,Mala,Buena,Mala,PM10/PM2.5
2024-03-28T03:00:00,2024-03-28,3,PIN,0.004,170.0,118.9,,,,,,,,,101,69,Mala,Mala,Buena,Mala,PM10/PM2.5
2024-03-28T04:00:00,2024-03-28,4,PIN,0.004,144.0,102.8,,,,,,,,,102,70,Mala,Mala,Buena,Mala,PM10/PM2.5
2024-03-28T05:00:00,2024-03-28,5,PIN,0.005,148.0,103.2,,,,,,,,,104,71,Mala,Mala,Buena,Mala,PM10/PM2.5
2024-03-28T06:00:00,2024-03-28,6,PIN,0.006,181.0,119.3,,,,,,,,,116,77,Mala,Mala,Buena,Mala,PM10/PM2.5
2024-03-28T07:00:00,2024-03-28,7,PIN,0.006,181.0,125.5,,,,,,,,,121,82,Mala,Muy mala,Buena,Muy mala,PM2.5
2024-03-28T08:00:00,2024-03-28,8,PIN,0.018,118.0,103.2,,,,,,,,,105,77,Mala,Mala,Buena,Mala,PM10/PM2.5
2024-03-28T09:00:00,2024-03-28,9,PIN,0.033,72.0,,,,,,,,,,78,77,Mala,Mala,Buena,Mala,PM10/PM2.5
2024-03-28T10:00:00,2024-03-28,10,PIN,0.044,53.0,,,,,,,,,,58,,Aceptable,,Buena,Aceptable,PM10
2024-03-28T11:00:00,2024-03-28,11,PIN,0.058,55.0,,,,,,,,,,49,,Aceptable,,Buena,Aceptable,PM10
2024-03-28T12:00:00,2024-03-28,12,PIN,0.069,64.0,,,,,,,,,,47,,Aceptable,,Aceptable,Aceptable,PM10/O3
2024-03-28T13:00:00,2024-03-28,13,PIN,0.077,71.0,,,,,,,,,,49,,Aceptable,,Aceptable,Aceptable,PM10/O3
2024-03-28T14:00:00,2024-03-28,14,PIN,0.077,81.0,70.7,,,,,,,,,54,,Aceptable,,Aceptable,Aceptable,PM10/O3
2024-03-28T15:00:00,2024-03-28,15,PIN,0.081,67.0,60.3,,,,,,,,,51,44,Aceptable,Mala,Aceptable,Mala,PM2.5
2024-03-28T16:00:00,2024-03-28,16,PIN,0.081,65.0,56.8,,,,,,,,,49,42,Aceptable,Mala,Aceptable,Mala,PM2.5
2024-03-28T17:00:00,2024-03-28,17,PIN,0.079,61.0,59.9,,,,,,,,,46,42,Aceptable,Mala,Aceptable,Mala,PM2.5
2024-03-28T18:00:00,2024-03-28,18,PIN,0.076,60.0,57.0,,,,,,,,,44,40,Buena,Mala,Aceptable,Mala,PM2.5
2024-03-28T19:00:00,2024-03-28,19,PIN,0.052,77.0,73.8,,,,,,,,,50,46,Aceptable,Mala,Buena,Mala,PM2.5
2024-03-28T20:00:00,2024-03-28,20,PIN,0.032,123.0,110.6,,,,,,,,,69,61,Mala,Mala,Buena,Mala,PM10/PM2.5
2024-03-28T21:00:00,2024-03-28,21,PIN,0.038,120.0,105.7,,,,,,,,,77,67,Mala,Mala,Buena,Mala,PM10/PM2.5
2024-03-28T22:00:00,2024-03-28,22,PIN,0.038,110.0,86.1,,,,,,,,,78,64,Mala,Mala,Buena,Mala,PM10/PM2.5
2024-03-28T23:00:00,2024-03-28,23,PIN,0.041,80.0,53.3,,,,,,,,,68,50,Mala,Mala,Buena,Mala,PM10/PM2.5
2024-03-29T00:00:00,2024-03-29,0,PIN,0.039,52.0,35.1,,,,,,,,,52,37,Aceptable,Mala,Buena,Mala,PM2.5
2024-03-29T01:00:00,2024-03-29,1,PIN,0.039,43.0,25.5,,,,,,,,,41,28,Buena,Aceptable,Buena,Aceptable,PM2.5
2024-03-29T02:00:00,2024-03-29,2,PIN,0.038,42.0,29.4,,,,,,,,,36,24,Buena,Aceptable,Buena,Aceptable,PM2.5
2024-03-29T03:00:00,2024-03-29,3,PIN,0.035,43.0,30.9,,,,,,,,,34,23,Buena,Aceptable,Buena,Aceptable,PM2.5
2024-03-29T04:00:00,2024-03-29,4,PIN,0.023,55.0,37.5,,,,,,,,,36,24,Buena,Aceptable,Buena,Aceptable,PM2.5
2024-03-29T05:00:00,2024-03-29,5,PIN,0.007,65.0,40.3,,,,,,,,,41,26,Buena,Aceptable,Buena,Aceptable,PM2.5
2024-03-29T06:00:00,2024-03-29,6,PIN,0.005,123.0,91.1,,,,,,,,,64,44,Mala,Mala,Buena,Mala,PM10/PM2.5
2024-03-29T07:00:00,2024-03-29,7,PIN,0.006,140.0,113.3,,,,,,,,,82,62,Mala,Mala,Buena,Mala,PM10/PM2.5
2024-03-29T08:00:00,2024-03-29,8,PIN,0.015,152.0,133.7,,,,,,,,,96,77,Mala,Mala,Buena,Mala,PM10/PM2.5
2024-03-29T09:00:00,2024-03-29,9,PIN,0.033,116.0,,,,,,,,,,89,77,Mala,Mala,Buena,Mala,PM10/PM2.5
2024-03-29T10:00:00,2024-03-29,10,PIN,0.049,50.0,,,,,,,,,,62,,Mala,,Buena,Mala,PM10
2024-03-29T11:00:00,2024-03-29,11,PIN,0.06,36.0,,,,,,,,,,44,,Buena,,Aceptable,Aceptable,O3
2024-03-29T12:00:00,2024-03-29,12,PIN,0.068,43.0,,,,,,,,,,37,,Buena,,Aceptable,Aceptable,O3
2024-03-29T13:00:00,2024-03-29,13,PIN,0.07,45.0,,,,,,,,,,35,,Buena,,Aceptable,Aceptable,O3
2024-03-29T14:00:00,2024-03-29,14,PIN,0.064,48.0,49.3,,,,,,,,,34,,Buena,,Aceptable,Aceptable,O3
2024-03-29T15:00:00,2024-03-29,15,PIN,0.05,75.0,69.7,,,,,,,,,44,44,Buena,Mala,Buena,Mala,PM2.5
2024-03-29T16:00:00,2024-03-29,16,PIN,0.046,74.0,73.6,,,,,,,,,49,48,Aceptable,Mala,Buena,Mala,PM2.5
2024-03-29T17:00:00,2024-03-29,17,PIN,0.042,72.0,67.9,,,,,,,,,50,48,Aceptable,Mala,Buena,Mala,PM2.5
2024-03-29T18:00:00,2024-03-29,18,PIN,0.041,64.0,57.1,,,,,,,,,48,44,Aceptable,Mala,Buena,Mala,PM2.5
2024-03-29T19:00:00,2024-03-29,19,PIN,0.039,56.0,38.8,,,,,,,,,44,35,Buena,Mala,Buena,Mala,PM2.5
2024-03-29T20:00:00,2024-03-29,20,PIN,0.037,65.0,38.0,,,,,,,,,45,31,Buena,Aceptable,Buena,Aceptable,PM2.5
2024-03-29T21:00:00,2024-03-29,21,PIN,0.032,65.0,43.3,,,,,,,,,46,31,Aceptable,Aceptable,Buena,Aceptable,PM10/PM2.5
2024-03-29T22:00:00,2024-03-29,22,PIN,0.032,73.0,33.7,,,,,,,,,49,27,Aceptable,Aceptable,Buena,Aceptable,PM10/PM2.5
2024-03-29T23:00:00,2024-03-29,23,PIN,0.026,55.0,37.2,,,,,,,,,44,26,Buena,Aceptable,Buena,Aceptable,PM2.5
2024-03-30T00:00:00,2024-03-30,0,PIN,0.024,48.0,40.7,,,,,,,,,41,27,Buena,Aceptable,Buena,Aceptable,PM2.5
2024-03-30T01:00:00,2024-03-30,1,PIN,0.019,70.0,60.7,,,,,,,,,44,35,Buena,Mala,Buena,Mala,PM2.5
2024-03-30T02:00:00,2024-03-30,2,PIN,0.02,69.0,57.7,,,,,,,,,46,37,Aceptable,Mala,Buena,Mala,PM2.5
2024-03-30T03:00:00,2024-03-30,3,PIN,0.015,57.0,48.6,,,,,,,,,44,35,Buena,Mala,Buena,Mala,PM2.5
2024-03-30T04:00:00,2024-03-30,4,PIN,0.007,110.0,78.9,,,,,,,,,61,45,Mala,Mala,Buena,Mala,PM10/PM2.5
2024-03-30T05:00:00,2024-03-30,5,PIN,0.005,127.0,109.4,,,,,,,,,76,60,Mala,Mala,Buena,Mala,PM10/PM2.5
2024-03-30T06:00:00,2024-03-30,6,PIN,0.005,134.0,92.4,,,,,,,,,86,62,Mala,Mala,Buena,Mala,PM10/PM2.5
2024-03-30T07:00:00,2024-03-30,7,PIN,0.005,153.0,104.2,,,,,,,,,98,67,Mala,Mala,Buena,Mala,PM10/PM2.5
2024-03-30T08:00:00,2024-03-30,8,PIN,0.011,157.0,115.4,,,,,,,,,105,74,Mala,Mala,Buena,Mala,PM10/PM2.5
2024-03-30T09:00:00,2024-03-30,9,PIN,0.037,103.0,,,,,,,,,,89,74,Mala,Mala,Buena,Mala,PM10/PM2.5
2024-03-30T10:00:00,2024-03-30,10,PIN,0.054,62.0,,,,,,,,,,66,,Mala,,Buena,Mala,PM10
2024-03-30T11:00:00,2024-03-30,11,PIN,0.064,65.0,,,,,,,,,,56,,Aceptable,,Aceptable,Aceptable,PM10/O3
2024-03-30T12:00:00,2024-03-30,12,PIN,0.068,68.0,66.2,,,,,,,,,53,,Aceptable,,Aceptable,Aceptable,PM10/O3
2024-03-30T13:00:00,2024-03-30,13,PIN,0.063,58.0,59.1,,,,,,,,,47,44,Aceptable,Mala,Aceptable,Mala,PM2.5
2024-03-30T14:00:00,2024-03-30,14,PIN,0.041,40.0,,,,,,,,,,38,44,Buena,Mala,Buena,Mala,PM2.5
2024-03-30T15:00:00,2024-03-30,15,PIN,0.044,31.0,,,,,,,,,,30,,Buena,,Buena,Buena,PM10/O3
2024-03-30T16:00:00,2024-03-30,16,PIN,0.035,29.0,,,,,,,,,,25,,Buena,,Buena,Buena,PM10/O3
2024-03-30T17:00:00,2024-03-30,17,PIN,0.034,33.0,,,,,,,,,,24,,Buena,,Buena,Buena,PM10/O3
2024-03-30T18:00:00,2024-03-30,18,PIN,0.031,33.0,29.4,,,,,,,,,24,,Buena,,Buena,Buena,PM10/O3
2024-03-30T19:00:00,2024-03-30,19,PIN,0.022,54.0,51.3,,,,,,,,,31,31,Buena,Aceptable,Buena,Aceptable,PM2.5
2024-03-30T20:00:00,2024-03-30,20,PIN,0.027,80.0,60.4,,,,,,,,,44,37,Buena,Mala,Buena,Mala,PM2.5
2024-03-30T21:00:00,2024-03-30,21,PIN,0.024,71.0,55.2,,,,,,,,,47,37,Aceptable,Mala,Buena,Mala,PM2.5
2024-03-30T22:00:00,2024-03-30,22,PIN,0.02,81.0,59.3,,,,,,,,,53,40,Aceptable,Mala,Buena,Mala,PM2.5
2024-03-30T23:00:00,2024-03-30,23,PIN,0.017,76.0,56.0,,,,,,,,,54,39,Aceptable,Mala,Buena,Mala,PM2.5
2024-03-31T00:00:00,2024-03-31,0,PIN,0.014,68.0,56.6,,,,,,,,,51,40,Aceptable,Mala,Buena,Mala,PM2.5
2024-03-31T01:00:00,2024-03-31,1,PIN,0.014,62.0,48.0,,,,,,,,,48,36,Aceptable,Mala,Buena,Mala,PM2.5
2024-03-31T02:00:00,2024-03-31,2,PIN,0.016,58.0,48.5,,,,,,,,,44,35,Buena,Mala,Buena,Mala,PM2.5
2024-03-31T03:00:00,2024-03-31,3,PIN,0.013,70.0,65.6,,,,,,,,,47,40,Aceptable,Mala,Buena,Mala,PM2.5
2024-03-31T04:00:00,2024-03-31,4,PIN,0.008,72.0,58.2,,,,,,,,,49,40,Aceptable,Mala,Buena,Mala,PM2.5
2024-03-31T05:00:00,2024-03-31,5,PIN,0.004,83.0,54.7,,,,,,,,,54,39,Aceptable,Mala,Buena,Mala,PM2.5
2024-03-31T06:00:00,2024-03-31,6,PIN,0.005,95.0,61.0,,,,,,,,,60,40,Aceptable,Mala,Buena,Mala,PM2.5
2024-03-31T07:00:00,2024-03-31,7,PIN,0.006,126.0,82.7,,,,,,,,,76,48,Mala,Mala,Buena,Mala,PM10/PM2.5
2024-03-31T08:00:00,2024-03-31,8,PIN,0.015,135.0,109.3,,,,,,,,,86,62,Mala,Mala,Buena,Mala,PM10/PM2.5
2024-03-31T09:00:00,2024-03-31,9,PIN,0.038,123.0,113.4,,,,,,,,,87,71,Mala,Mala,Buena,Mala,PM10/PM2.5
2024-03-31T10:00:00,2024-03-31,10,PIN,0.051,94.0,,,,,,,,,,77,71,Mala,Mala,Buena,Mala,PM10/PM2.5
2024-03-31T11:00:00,2024-03-31,11,PIN,0.048,47.0,,,,,,,,,,55,,Aceptable,,Buena,Aceptable,PM10
2024-03-31T12:00:00,2024-03-31,12,PIN,0.044,29.0,,,,,,,,,,38,,Buena,,Buena,Buena,PM10/O3
2024-03-31T13:00:00,2024-03-31,13,PIN,0.041,30.0,,,,,,,,,,30,,Buena,,Buena,Buena,PM10/O3
2024-03-31T14:00:00,2024-03-31,14,PIN,0.041,25.0,,,,,,,,,,24,,Buena,,Buena,Buena,PM10/O3
2024-03-31T15:00:00,2024-03-31,15,PIN,0.041,34.0,,,,,,,,,,24,,Buena,,Buena,Buena,PM10/O3
2024-03-31T16:00:00,2024-03-31,16,PIN,0.037,37.0,38.4,,,,,,,,,25,,Buena,,Buena,Buena,PM10/O3
2024-03-31T17:00:00,2024-03-31,17,PIN,0.034,49.0,,,,,,,,,,30,,Buena,,Buena,Buena,PM10/O3
2024-03-31T18:00:00,2024-03-31,18,PIN,0.032,47.0,39.2,,,,,,,,,32,27,Buena,Aceptable,Buena,Aceptable,PM2.5
2024-03-31T19:00:00,2024-03-31,19,PIN,0.032,71.0,54.0,,,,,,,,,41,33,Buena,Aceptable,Buena,Aceptable,PM2.5
2024-03-31T20:00:00,2024-03-31,20,PIN,0.027,63.0,54.0,,,,,,,,,43,35,Buena,Mala,Buena,Mala,PM2.5
2024-03-31T21:00:00,2024-03-31,21,PIN,0.017,57.0,46.9,,,,,,,,,42,33,Buena,Aceptable,Buena,Aceptable,PM2.5
2024-03-31T22:00:00,2024-03-31,22,PIN,0.015,76.0,55.5,,,,,,,,,48,35,Aceptable,Mala,Buena,Mala,PM2.5
2024-03-31T23:00:00,2024-03-31,23,PIN,0.013,81.0,60.9,,,,,,,,,53,38,Aceptable,Mala,Buena,Mala,PM2.5
