fecha,horas_validas_O3,O3_max_1h_ppm,categoria_O3,horas_validas_PM10,PM10_promedio_24h_ug_m3,categoria_PM10,horas_validas_PM2_5,PM2_5_promedio_24h_ug_m3,categoria_PM2_5,categoria_global,contaminante_dominante,temperatura_externa_media_C,velocidad_viento_media,direccion_viento_media_grados
2024-03-01,24,0.051,Buena,24,85.0,Mala,19,64.0,Mala,Mala,PM10/PM2.5,18.39375,6.742307692307692,44.5375
2024-03-02,24,0.056,Buena,24,67.0,Mala,20,50.0,Mala,Mala,PM10/PM2.5,18.80125,7.283333333333334,43.475
2024-03-03,24,0.048,Buena,24,61.0,Mala,20,48.0,Mala,Mala,PM10/PM2.5,18.68,7.801428571428572,43.979166666666664
2024-03-04,24,0.043,Buena,24,77.0,Mala,19,60.0,Mala,Mala,PM10/PM2.5,18.19,6.924166666666667,45.025
2024-03-05,24,0.056,Buena,24,98.0,Mala,24,74.0,Mala,Mala,PM10/PM2.5,17.637083333333333,4.269166666666666,45.77916666666667
2024-03-06,24,0.054,Buena,24,76.0,Mala,22,59.0,Mala,Mala,PM10/PM2.5,18.400000000000002,5.37625,43.92916666666667
2024-03-07,24,0.05,Buena,24,87.0,Mala,21,66.0,Mala,Mala,PM10/PM2.5,18.19625,8.278571428571428,44.81666666666666
2024-03-08,24,0.046,Buena,24,89.0,Mala,20,73.0,Mala,Mala,PM10/PM2.5,17.872083333333332,7.04,44.69583333333333
2024-03-09,24,0.054,Buena,24,105.0,Mala,22,84.0,Muy mala,Muy mala,PM2.5,19.427083333333332,6.466153846153846,42.0375
2024-03-10,24,0.066,Aceptable,24,82.0,Mala,16,,,Mala,PM10,19.714583333333334,5.2375,41.57083333333333
2024-03-11,24,0.058,Buena,24,114.0,Mala,22,90.0,Muy mala,Muy mala,PM2.5,20.285416666666666,6.8927272727272735,40.93333333333333
2024-03-12,24,0.056,Buena,24,78.0,Mala,22,62.0,Mala,Mala,PM10/PM2.5,20.370833333333334,5.271764705882354,40.46666666666667
2024-03-13,24,0.053,Buena,24,84.0,Mala,21,68.0,Mala,Mala,PM10/PM2.5,20.13083333333333,5.377368421052632,40.975
2024-03-14,24,0.051,Buena,24,90.0,Mala,18,75.0,Mala,Mala,PM10/PM2.5,14.994545454545454,,52.00909090909091
2024-03-15,24,0.046,Buena,24,87.0,Mala,19,67.0,Mala,Mala,PM10/PM2.5,,,
2024-03-16,24,0.05,Buena,24,95.0,Mala,18,74.0,Mala,Mala,PM10/PM2.5,,,
2024-03-17,24,0.036,Buena,24,68.0,Mala,15,,,Mala,PM10,,,
2024-03-18,24,0.043,Buena,24,66.0,Mala,17,,,Mala,PM10,,,
2024-03-19,24,0.047,Buena,24,86.0,Mala,18,77.0,Mala,Mala,PM10/PM2.5,,,
2024-03-20,24,0.055,Buena,24,62.0,Mala,22,49.0,Mala,Mala,PM10/PM2.5,,,
2024-03-21,24,0.041,Buena,24,88.0,Mala,22,73.0,Mala,Mala,PM10/PM2.5,,,
2024-03-22,24,0.045,Buena,24,83.0,Mala,21,67.0,Mala,Mala,PM10/PM2.5,,,
2024-03-23,24,0.07,Aceptable,24,127.0,Mala,21,96.0,Muy mala,Muy mala,PM2.5,,,
2024-03-24,24,0.055,Buena,24,74.0,Mala,20,58.0,Mala,Mala,PM10/PM2.5,,,
2024-03-25,24,0.054,Buena,24,82.0,Mala,17,,,Mala,PM10,,,
2024-03-26,24,0.055,Buena,24,95.0,Mala,21,79.0,Mala,Mala,PM10/PM2.5,,,
2024-03-27,24,0.092,Mala,24,108.0,Mala,20,86.0,Muy mala,Muy mala,PM2.5,,,
2024-03-28,24,0.081,Aceptable,24,101.0,Mala,19,85.0,Muy mala,Muy mala,PM2.5,,,
2024-03-29,24,0.07,Aceptable,24,69.0,Mala,19,55.0,Mala,Mala,PM10/PM2.5,,,
2024-03-30,24,0.068,Aceptable,24,75.0,Mala,17,,,Mala,PM10,,,
2024-03-31,24,0.051,Buena,24,68.0,Mala,17,,,Mala,PM10,,,
